complex.id	Gene	CDR3	V	J	Species	MHC A	MHC B	MHC class	Epitope	Epitope gene	Epitope species	Reference	Method	Meta	CDR3fix	Score
114	TRA	CAGAGSQGNLIF	TRAV27*01	TRAJ42*01	HomoSapiens	HLA-A*02:01:48	B2M	MHCI	GILGFVFTL	M	InfluenzaA	PMID:12796775	{"frequency": "", "identification": "", "sequencing": "", "singlecell": "", "verification": ""}	{"cell.subset": "", "clone.id": "", "donor.MHC": "", "donor.MHC.method": "", "epitope.id": "", "replica.id": "", "samples.found": 3, "structure.id": "1oga", "studies.found": 2, "study.id": "", "subject.cohort": "", "subject.id": "", "tissue": ""}	{"cdr3": "CAGAGSQGNLIF", "cdr3_old": "CAGAGSQGNLIF", "fixNeeded": false, "good": true, "jCanonical": true, "jFixType": "NoFixNeeded", "jId": "TRAJ42*01", "jStart": 4, "vCanonical": true, "vEnd": 3, "vFixType": "NoFixNeeded", "vId": "TRAV27*01"}	3
114	TRB	CASSSRSSYEQYF	TRBV19*01	TRBJ2-7*01	HomoSapiens	HLA-A*02:01:48	B2M	MHCI	GILGFVFTL	M	InfluenzaA	PMID:12796775	{"frequency": "", "identification": "", "sequencing": "", "singlecell": "", "verification": ""}	{"cell.subset": "", "clone.id": "", "donor.MHC": "", "donor.MHC.method": "", "epitope.id": "", "replica.id": "", "samples.found": 3, "structure.id": "1oga", "studies.found": 2, "study.id": "", "subject.cohort": "", "subject.id": "", "tissue": ""}	{"cdr3": "CASSSRSSYEQYF", "cdr3_old": "CASSSRSSYEQYF", "fixNeeded": false, "good": true, "jCanonical": true, "jFixType": "NoFixNeeded", "jId": "TRBJ2-7*01", "jStart": 7, "vCanonical": true, "vEnd": 4, "vFixType": "NoFixNeeded", "vId": "TRBV19*01"}	3
136	TRA	CAGAGSQGNLIF	TRAV27*01	TRAJ42*01	HomoSapiens	HLA-A*02:01:48	B2M	MHCI	GILGFVFTL	M	InfluenzaA	PMID:18275829	{"frequency": "", "identification": "", "sequencing": "", "singlecell": "", "verification": ""}	{"cell.subset": "", "clone.id": "", "donor.MHC": "", "donor.MHC.method": "", "epitope.id": "", "replica.id": "", "samples.found": 2, "structure.id": "2vlj", "studies.found": 2, "study.id": "", "subject.cohort": "", "subject.id": "", "tissue": ""}	{"cdr3": "CAGAGSQGNLIF", "cdr3_old": "CAGAGSQGNLIF", "fixNeeded": false, "good": true, "jCanonical": true, "jFixType": "NoFixNeeded", "jId": "TRAJ42*01", "jStart": 4, "vCanonical": true, "vEnd": 3, "vFixType": "NoFixNeeded", "vId": "TRAV27*01"}	3
136	TRB	CASSSRSSYEQYF	TRBV19*01	TRBJ2-7*01	HomoSapiens	HLA-A*02:01:48	B2M	MHCI	GILGFVFTL	M	InfluenzaA	PMID:18275829	{"frequency": "", "identification": "", "sequencing": "", "singlecell": "", "verification": ""}	{"cell.subset": "", "clone.id": "", "donor.MHC": "", "donor.MHC.method": "", "epitope.id": "", "replica.id": "", "samples.found": 2, "structure.id": "2vlj", "studies.found": 2, "study.id": "", "subject.cohort": "", "subject.id": "", "tissue": ""}	{"cdr3": "CASSSRSSYEQYF", "cdr3_old": "CASSSRSSYEQYF", "fixNeeded": false, "good": true, "jCanonical": true, "jFixType": "NoFixNeeded", "jId": "TRBJ2-7*01", "jStart": 7, "vCanonical": true, "vEnd": 4, "vFixType": "NoFixNeeded", "vId": "TRBV19*01"}	3
137	TRA	CAGAGSQGNLIF	TRAV27*01	TRAJ42*01	HomoSapiens	HLA-A*02:01:48	B2M	MHCI	GILGFVFTL	M	InfluenzaA	PMID:18275829	{"frequency": "", "identification": "", "sequencing": "", "singlecell": "", "verification": ""}	{"cell.subset": "", "clone.id": "", "donor.MHC": "", "donor.MHC.method": "", "epitope.id": "", "replica.id": "", "samples.found": 2, "structure.id": "2vlk", "studies.found": 2, "study.id": "", "subject.cohort": "", "subject.id": "", "tissue": ""}	{"cdr3": "CAGAGSQGNLIF", "cdr3_old": "CAGAGSQGNLIF", "fixNeeded": false, "good": true, "jCanonical": true, "jFixType": "NoFixNeeded", "jId": "TRAJ42*01", "jStart": 4, "vCanonical": true, "vEnd": 3, "vFixType": "NoFixNeeded", "vId": "TRAV27*01"}	3
137	TRB	CASSSRSSYEQYF	TRBV19*01	TRBJ2-7*01	HomoSapiens	HLA-A*02:01:48	B2M	MHCI	GILGFVFTL	M	InfluenzaA	PMID:18275829	{"frequency": "", "identification": "", "sequencing": "", "singlecell": "", "verification": ""}	{"cell.subset": "", "clone.id": "", "donor.MHC": "", "donor.MHC.method": "", "epitope.id": "", "replica.id": "", "samples.found": 2, "structure.id": "2vlk", "studies.found": 2, "study.id": "", "subject.cohort": "", "subject.id": "", "tissue": ""}	{"cdr3": "CASSSRSSYEQYF", "cdr3_old": "CASSSRSSYEQYF", "fixNeeded": false, "good": true, "jCanonical": true, "jFixType": "NoFixNeeded", "jId": "TRBJ2-7*01", "jStart": 7, "vCanonical": true, "vEnd": 4, "vFixType": "NoFixNeeded", "vId": "TRBV19*01"}	3
138	TRA	CAGAGSQGNLIF	TRAV27*01	TRAJ42*01	HomoSapiens	HLA-A*02:01:48	B2M	MHCI	GILGFVFTL	M	InfluenzaA	PMID:18275829	{"frequency": "", "identification": "", "sequencing": "", "singlecell": "", "verification": ""}	{"cell.subset": "", "clone.id": "", "donor.MHC": "", "donor.MHC.method": "", "epitope.id": "", "replica.id": "", "samples.found": 1, "structure.id": "2vlr", "studies.found": 1, "study.id": "", "subject.cohort": "", "subject.id": "", "tissue": ""}	{"cdr3": "CAGAGSQGNLIF", "cdr3_old": "CAGAGSQGNLIF", "fixNeeded": false, "good": true, "jCanonical": true, "jFixType": "NoFixNeeded", "jId": "TRAJ42*01", "jStart": 4, "vCanonical": true, "vEnd": 3, "vFixType": "NoFixNeeded", "vId": "TRAV27*01"}	3
138	TRB	CASSSRASYEQYF	TRBV19*01	TRBJ2-7*01	HomoSapiens	HLA-A*02:01:48	B2M	MHCI	GILGFVFTL	M	InfluenzaA	PMID:18275829	{"frequency": "", "identification": "", "sequencing": "", "singlecell": "", "verification": ""}	{"cell.subset": "", "clone.id": "", "donor.MHC": "", "donor.MHC.method": "", "epitope.id": "", "replica.id": "", "samples.found": 1, "structure.id": "2vlr", "studies.found": 1, "study.id": "", "subject.cohort": "", "subject.id": "", "tissue": ""}	{"cdr3": "CASSSRASYEQYF", "cdr3_old": "CASSSRASYEQYF", "fixNeeded": false, "good": true, "jCanonical": true, "jFixType": "NoFixNeeded", "jId": "TRBJ2-7*01", "jStart": 7, "vCanonical": true, "vEnd": 4, "vFixType": "NoFixNeeded", "vId": "TRBV19*01"}	3
259	TRA	CAGAIGPSNTGKLIF	TRAV27*01	TRAJ37*01	HomoSapiens	HLA-A*02:01:48	B2M	MHCI	GILGFVFTL	M	InfluenzaA	https://github.com/antigenomics/vdjdb-db/issues/215	{"frequency": "", "identification": "", "sequencing": "", "singlecell": "", "verification": ""}	{"cell.subset": "", "clone.id": "", "donor.MHC": "", "donor.MHC.method": "", "epitope.id": "", "replica.id": "", "samples.found": 1, "structure.id": "5euo", "studies.found": 1, "study.id": "", "subject.cohort": "", "subject.id": "", "tissue": ""}	{"cdr3": "CAGAIGPSNTGKLIF", "cdr3_old": "CAGAIGPSNTGKLIF", "fixNeeded": false, "good": true, "jCanonical": true, "jFixType": "NoFixNeeded", "jId": "TRAJ37*01", "jStart": 8, "vCanonical": true, "vEnd": 3, "vFixType": "NoFixNeeded", "vId": "TRAV27*01"}	3
259	TRB	CASSIRSSYEQYF	TRBV19*01	TRBJ2-7*01	HomoSapiens	HLA-A*02:01:48	B2M	MHCI	GILGFVFTL	M	InfluenzaA	https://github.com/antigenomics/vdjdb-db/issues/215	{"frequency": "", "identification": "", "sequencing": "", "singlecell": "", "verification": ""}	{"cell.subset": "", "clone.id": "", "donor.MHC": "", "donor.MHC.method": "", "epitope.id": "", "replica.id": "", "samples.found": 1, "structure.id": "5euo", "studies.found": 1, "study.id": "", "subject.cohort": "", "subject.id": "", "tissue": ""}	{"cdr3": "CASSIRSSYEQYF", "cdr3_old": "CASSIRSSYEQYF", "fixNeeded": false, "good": true, "jCanonical": true, "jFixType": "NoFixNeeded", "jId": "TRBJ2-7*01", "jStart": 7, "vCanonical": true, "vEnd": 5, "vFixType": "NoFixNeeded", "vId": "TRBV19*01"}	3
263	TRB	CASSIFGQREQYF	TRBV19*01	TRBJ2-7*01	HomoSapiens	HLA-A*02:01:48	B2M	MHCI	GILGFVFTL	M	InfluenzaA	PMID:28250417	{"frequency": "", "identification": "", "sequencing": "", "singlecell": "", "verification": ""}	{"cell.subset": "", "clone.id": "", "donor.MHC": "", "donor.MHC.method": "", "epitope.id": "", "replica.id": "", "samples.found": 1, "structure.id": "5isz", "studies.found": 1, "study.id": "", "subject.cohort": "", "subject.id": "", "tissue": ""}	{"cdr3": "CASSIFGQREQYF", "cdr3_old": "CASSIFGQREQYF", "fixNeeded": false, "good": true, "jCanonical": true, "jFixType": "NoFixNeeded", "jId": "TRBJ2-7*01", "jStart": 9, "vCanonical": true, "vEnd": 5, "vFixType": "NoFixNeeded", "vId": "TRBV19*01"}	3
265	TRB	CASSIGVYGYTF	TRBV19*01	TRBJ1-2*01	HomoSapiens	HLA-A*02:01:48	B2M	MHCI	GILGFVFTL	M	InfluenzaA	PMID:28250417	{"frequency": "", "identification": "", "sequencing": "", "singlecell": "", "verification": ""}	{"cell.subset": "", "clone.id": "", "donor.MHC": "", "donor.MHC.method": "", "epitope.id": "", "replica.id": "", "samples.found": 1, "structure.id": "5jhd", "studies.found": 1, "study.id": "", "subject.cohort": "", "subject.id": "", "tissue": ""}	{"cdr3": "CASSIGVYGYTF", "cdr3_old": "CASSIGVYGYTF", "fixNeeded": false, "good": true, "jCanonical": true, "jFixType": "NoFixNeeded", "jId": "TRBJ1-2*01", "jStart": 7, "vCanonical": true, "vEnd": 5, "vFixType": "NoFixNeeded", "vId": "TRBV19*01"}	3
1061	TRB	CASSIRSSYEQYF	TRBV19*01	TRBJ2-7*01	HomoSapiens	HLA-A*02	B2M	MHCI	GILGFVFTL	M	InfluenzaA	PMID:28423320	{"frequency": "1/14", "identification": "antigen-loaded-targets,dextramer-sort", "sequencing": "amplicon-seq", "singlecell": "yes", "verification": "direct"}	{"cell.subset": "CD8+", "clone.id": "", "donor.MHC": "", "donor.MHC.method": "", "epitope.id": "20354", "replica.id": "day14", "samples.found": 1, "structure.id": "", "studies.found": 1, "study.id": "", "subject.cohort": "", "subject.id": "ND3", "tissue": "PBMC"}	{"cdr3": "CASSIRSSYEQYF", "cdr3_old": "CASSIRSSYEQYF", "fixNeeded": false, "good": true, "jCanonical": true, "jFixType": "NoFixNeeded", "jId": "TRBJ2-7*01", "jStart": 7, "vCanonical": true, "vEnd": 5, "vFixType": "NoFixNeeded", "vId": "TRBV19*01"}	3
1066	TRB	CASSIRSSYEQYF	TRBV19*01	TRBJ2-7*01	HomoSapiens	HLA-A*02	B2M	MHCI	GILGFVFTL	M	InfluenzaA	PMID:28423320	{"frequency": "1/14", "identification": "antigen-loaded-targets,dextramer-sort", "sequencing": "amplicon-seq", "singlecell": "yes", "verification": ""}	{"cell.subset": "CD8+", "clone.id": "", "donor.MHC": "", "donor.MHC.method": "", "epitope.id": "20354", "replica.id": "day14", "samples.found": 2, "structure.id": "", "studies.found": 1, "study.id": "", "subject.cohort": "", "subject.id": "ND3", "tissue": "PBMC"}	{"cdr3": "CASSIRSSYEQYF", "cdr3_old": "CASSIRSSYEQYF", "fixNeeded": false, "good": true, "jCanonical": true, "jFixType": "NoFixNeeded", "jId": "TRBJ2-7*01", "jStart": 7, "vCanonical": true, "vEnd": 5, "vFixType": "NoFixNeeded", "vId": "TRBV19*01"}	3
1077	TRA	CAGAIGSSNTGKLIF	TRAV27*01	TRAJ37*01	HomoSapiens	HLA-A*02	B2M	MHCI	GILGFVFTL	M	InfluenzaA	PMID:28423320	{"frequency": "10/11", "identification": "antigen-loaded-targets,dextramer-sort", "sequencing": "amplicon-seq", "singlecell": "yes", "verification": "direct"}	{"cell.subset": "CD8+", "clone.id": "", "donor.MHC": "", "donor.MHC.method": "", "epitope.id": "20354", "replica.id": "day14", "samples.found": 1, "structure.id": "5EUO", "studies.found": 1, "study.id": "", "subject.cohort": "", "subject.id": "ND11", "tissue": "PBMC"}	{"cdr3": "CAGAIGSSNTGKLIF", "cdr3_old": "CAGAIGSSNTGKLIF", "fixNeeded": false, "good": true, "jCanonical": true, "jFixType": "NoFixNeeded", "jId": "TRAJ37*01", "jStart": 8, "vCanonical": true, "vEnd": 3, "vFixType": "NoFixNeeded", "vId": "TRAV27*01"}	3
1077	TRB	CASSIRSSYEQYF	TRBV19*01	TRBJ2-7*01	HomoSapiens	HLA-A*02	B2M	MHCI	GILGFVFTL	M	InfluenzaA	PMID:28423320	{"frequency": "10/11", "identification": "antigen-loaded-targets,dextramer-sort", "sequencing": "amplicon-seq", "singlecell": "yes", "verification": "direct"}	{"cell.subset": "CD8+", "clone.id": "", "donor.MHC": "", "donor.MHC.method": "", "epitope.id": "20354", "replica.id": "day14", "samples.found": 1, "structure.id": "5EUO", "studies.found": 1, "study.id": "", "subject.cohort": "", "subject.id": "ND11", "tissue": "PBMC"}	{"cdr3": "CASSIRSSYEQYF", "cdr3_old": "CASSIRSSYEQYF", "fixNeeded": false, "good": true, "jCanonical": true, "jFixType": "NoFixNeeded", "jId": "TRBJ2-7*01", "jStart": 7, "vCanonical": true, "vEnd": 5, "vFixType": "NoFixNeeded", "vId": "TRBV19*01"}	3
1080	TRA	CAGAGSQGNLIF	TRAV27*01	TRAJ42*01	HomoSapiens	HLA-A*02	B2M	MHCI	GILGFVFTL	M	InfluenzaA	PMID:28423320	{"frequency": "4/10", "identification": "antigen-loaded-targets,dextramer-sort", "sequencing": "amplicon-seq", "singlecell": "yes", "verification": "direct"}	{"cell.subset": "CD8+", "clone.id": "", "donor.MHC": "", "donor.MHC.method": "", "epitope.id": "20354", "replica.id": "day14", "samples.found": 1, "structure.id": "", "studies.found": 1, "study.id": "", "subject.cohort": "", "subject.id": "ND13", "tissue": "PBMC"}	{"cdr3": "CAGAGSQGNLIF", "cdr3_old": "CAGAGSQGNLIF", "fixNeeded": false, "good": true, "jCanonical": true, "jFixType": "NoFixNeeded", "jId": "TRAJ42*01", "jStart": 4, "vCanonical": true, "vEnd": 3, "vFixType": "NoFixNeeded", "vId": "TRAV27*01"}	3
1080	TRB	CASSIRSSYEQYF	TRBV19*01	TRBJ2-7*01	HomoSapiens	HLA-A*02	B2M	MHCI	GILGFVFTL	M	InfluenzaA	PMID:28423320	{"frequency": "4/10", "identification": "antigen-loaded-targets,dextramer-sort", "sequencing": "amplicon-seq", "singlecell": "yes", "verification": "direct"}	{"cell.subset": "CD8+", "clone.id": "", "donor.MHC": "", "donor.MHC.method": "", "epitope.id": "20354", "replica.id": "day14", "samples.found": 1, "structure.id": "", "studies.found": 1, "study.id": "", "subject.cohort": "", "subject.id": "ND13", "tissue": "PBMC"}	{"cdr3": "CASSIRSSYEQYF", "cdr3_old": "CASSIRSSYEQYF", "fixNeeded": false, "good": true, "jCanonical": true, "jFixType": "NoFixNeeded", "jId": "TRBJ2-7*01", "jStart": 7, "vCanonical": true, "vEnd": 5, "vFixType": "NoFixNeeded", "vId": "TRBV19*01"}	3
1094	TRB	CASSIRSSYEQYF	TRBV19*01	TRBJ2-7*01	HomoSapiens	HLA-A*02	B2M	MHCI	GILGFVFTL	M	InfluenzaA	PMID:28423320	{"frequency": "", "identification": "antigen-loaded-targets,dextramer-sort", "sequencing": "amplicon-seq", "singlecell": "yes", "verification": "direct"}	{"cell.subset": "CD8+", "clone.id": "", "donor.MHC": "", "donor.MHC.method": "", "epitope.id": "20354", "replica.id": "", "samples.found": 1, "structure.id": "", "studies.found": 1, "study.id": "", "subject.cohort": "", "subject.id": "", "tissue": "PBMC"}	{"cdr3": "CASSIRSSYEQYF", "cdr3_old": "CASSIRSSYEQYF", "fixNeeded": false, "good": true, "jCanonical": true, "jFixType": "NoFixNeeded", "jId": "TRBJ2-7*01", "jStart": 7, "vCanonical": true, "vEnd": 5, "vFixType": "NoFixNeeded", "vId": "TRBV19*01"}	3
263	TRA	CAFDTNAGKSTF	TRAV24*01	TRAJ27*01	HomoSapiens	HLA-A*02:01:48	B2M	MHCI	GILGFVFTL	M	InfluenzaA	PMID:28250417	{"frequency": "", "identification": "", "sequencing": "", "singlecell": "", "verification": ""}	{"cell.subset": "", "clone.id": "", "donor.MHC": "", "donor.MHC.method": "", "epitope.id": "", "replica.id": "", "samples.found": 1, "structure.id": "5isz", "studies.found": 1, "study.id": "", "subject.cohort": "", "subject.id": "", "tissue": ""}	{"cdr3": "CAFDTNAGKSTF", "cdr3_old": "CAFDTNAGKSTF", "fixNeeded": false, "good": true, "jCanonical": true, "jFixType": "NoFixNeeded", "jId": "TRAJ27*01", "jStart": 4, "vCanonical": true, "vEnd": 3, "vFixType": "NoFixNeeded", "vId": "TRAV24*01"}	3
265	TRA	CAWGVNAGGTSYGKLTF	TRAV38-2/DV8*01	TRAJ52*01	HomoSapiens	HLA-A*02:01:48	B2M	MHCI	GILGFVFTL	M	InfluenzaA	PMID:28250417	{"frequency": "", "identification": "", "sequencing": "", "singlecell": "", "verification": ""}	{"cell.subset": "", "clone.id": "", "donor.MHC": "", "donor.MHC.method": "", "epitope.id": "", "replica.id": "", "samples.found": 1, "structure.id": "5jhd", "studies.found": 1, "study.id": "", "subject.cohort": "", "subject.id": "", "tissue": ""}	{"cdr3": "CAWGVNAGGTSYGKLTF", "cdr3_old": "CAWGVNAGGTSYGKLTF", "fixNeeded": false, "good": true, "jCanonical": true, "jFixType": "NoFixNeeded", "jId": "TRAJ52*01", "jStart": 5, "vCanonical": true, "vEnd": 2, "vFixType": "NoFixNeeded", "vId": "TRAV38-2/DV8*01"}	3
1061	TRA	CAAQGSQGNLIF	TRAV13-1*01	TRAJ42*01	HomoSapiens	HLA-A*02	B2M	MHCI	GILGFVFTL	M	InfluenzaA	PMID:28423320	{"frequency": "1/14", "identification": "antigen-loaded-targets,dextramer-sort", "sequencing": "amplicon-seq", "singlecell": "yes", "verification": "direct"}	{"cell.subset": "CD8+", "clone.id": "", "donor.MHC": "", "donor.MHC.method": "", "epitope.id": "20354", "replica.id": "day14", "samples.found": 1, "structure.id": "", "studies.found": 1, "study.id": "", "subject.cohort": "", "subject.id": "ND3", "tissue": "PBMC"}	{"cdr3": "CAAQGSQGNLIF", "cdr3_old": "CAAQGSQGNLIF", "fixNeeded": false, "good": true, "jCanonical": true, "jFixType": "NoFixNeeded", "jId": "TRAJ42*01", "jStart": 4, "vCanonical": true, "vEnd": 3, "vFixType": "NoFixNeeded", "vId": "TRAV13-1*01"}	3
1066	TRA	CAVGGSQGNLIF	TRAV8-6*01	TRAJ42*01	HomoSapiens	HLA-A*02	B2M	MHCI	GILGFVFTL	M	InfluenzaA	PMID:28423320	{"frequency": "1/14", "identification": "antigen-loaded-targets,dextramer-sort", "sequencing": "amplicon-seq", "singlecell": "yes", "verification": ""}	{"cell.subset": "CD8+", "clone.id": "", "donor.MHC": "", "donor.MHC.method": "", "epitope.id": "20354", "replica.id": "day14", "samples.found": 2, "structure.id": "", "studies.found": 1, "study.id": "", "subject.cohort": "", "subject.id": "ND3", "tissue": "PBMC"}	{"cdr3": "CAVGGSQGNLIF", "cdr3_old": "CAVGGSQGNLIF", "fixNeeded": false, "good": true, "jCanonical": true, "jFixType": "NoFixNeeded", "jId": "TRAJ42*01", "jStart": 3, "vCanonical": true, "vEnd": 3, "vFixType": "NoFixNeeded", "vId": "TRAV8-6*01"}	3
1094	TRA	CAVGGSQGNLIF	TRAV8-6*01	TRAJ42*01	HomoSapiens	HLA-A*02	B2M	MHCI	GILGFVFTL	M	InfluenzaA	PMID:28423320	{"frequency": "", "identification": "antigen-loaded-targets,dextramer-sort", "sequencing": "amplicon-seq", "singlecell": "yes", "verification": "direct"}	{"cell.subset": "CD8+", "clone.id": "", "donor.MHC": "", "donor.MHC.method": "", "epitope.id": "20354", "replica.id": "", "samples.found": 1, "structure.id": "", "studies.found": 1, "study.id": "", "subject.cohort": "", "subject.id": "", "tissue": "PBMC"}	{"cdr3": "CAVGGSQGNLIF", "cdr3_old": "CAVGGSQGNLIF", "fixNeeded": false, "good": true, "jCanonical": true, "jFixType": "NoFixNeeded", "jId": "TRAJ42*01", "jStart": 3, "vCanonical": true, "vEnd": 3, "vFixType": "NoFixNeeded", "vId": "TRAV8-6*01"}	3
