"complex.id","AV","CDR3a","AJ","BV","CDR3b","BJ","Epitope","Epitope.gene","Epitope.species","MHC"
146,"TRAV24*01","CARNTGNQFYF","TRAJ49*01","TRBV6-5*01","CASSPVTGGIYGYTF","TRBJ1-2*01","NLVPMVATV","pp65","CMV","HLA-A*02:01:98"
204,"TRAV24*01","CAFITGNQFYF","TRAJ49*01","TRBV7-2*01","CASSQTQLWETQYF","TRBJ2-5*01","NLVPMVATV","pp65","CMV","HLA-A*02:01:110"
522,"TRAV24*01","CARNTGNQFYF","TRAJ49*01","TRBV6-5*01","CASSPKTGASYGYTF","TRBJ1-2*01","NLVPMVATV","pp65","CMV","HLA-A*02:01"
550,"TRAV29/DV5*01","CAASDQTGANNLFF","TRAJ36*01","TRBV6-5*01","CASSLQGASGYTF","TRBJ1-2*01","NLVPMVATV","pp65","CMV","HLA-A*02:01"
592,"TRAV24*01","CARNTGNQFYF","TRAJ49*01","TRBV6-5*01","CASSPSTGTIYGYTF","TRBJ1-2*01","NLVPMVATV","pp65","CMV","HLA-A*02:01"
653,"TRAV24*01","CARNTGNQFYF","TRAJ49*01","TRBV6-5*01","CASSPKTGASYGYTF","TRBJ1-2*01","NLVPMVATV","pp65","CMV","HLA-A*02:01"
681,"TRAV29/DV5*01","CAASDQTGANNLFF","TRAJ36*01","TRBV6-5*01","CASSLQGASGYTF","TRBJ1-2*01","NLVPMVATV","pp65","CMV","HLA-A*02:01"
723,"TRAV24*01","CARNTGNQFYF","TRAJ49*01","TRBV6-5*01","CASSPSTGTIYGYTF","TRBJ1-2*01","NLVPMVATV","pp65","CMV","HLA-A*02:01"
784,"TRAV24*01","CARNTGNQFYF","TRAJ49*01","TRBV6-5*01","CASSPKTGASYGYTF","TRBJ1-2*01","NLVPMVATV","pp65","CMV","HLA-A*02:01"
791,"TRAV24*01","CARNTGNQFYF","TRAJ49*01","TRBV6-5*01","CASSPSTGTIYGYTF","TRBJ1-2*01","NLVPMVATV","pp65","CMV","HLA-A*02:01"
820,"TRAV29/DV5*01","CAAYTGNQFYF","TRAJ49*01","TRBV6-5*01","CASSPKTGASYGYTF","TRBJ1-2*01","NLVPMVATV","pp65","CMV","HLA-A*02:01"
1085,"TRAV24*01","CAFITGNQFYF","TRAJ49*01","TRBV7-2*01","CASSQTQLWETQYF","TRBJ2-5*01","NLVPMVATV","pp65","CMV","HLA-A*02"
1088,"TRAV24*01","CARNTGNQFYF","TRAJ49*01","TRBV6-5*01","CASSPQTGVGNYGYTF","TRBJ1-2*01","NLVPMVATV","pp65","CMV","HLA-A*02"
1123,"TRAV12-3*01","CARNTGNQFYF","TRAJ49*01","TRBV6-5*01","CASSFQTGASYGYTF","TRBJ1-2*01","NLVPMVATV","pp65","CMV","HLA-A*02:01"
1466,"TRAV24*01","CAFISFNKFYF","TRAJ21*01","TRBV6-5*01","CASSPQTGTGTYGYTF","TRBJ1-2*01","NLVPMVATV","pp65","CMV","HLA-A*02:01"
1467,"TRAV24*01","CAFISFNKFYF","TRAJ21*01","TRBV6-5*01","CASSAQTGAAYGYTF","TRBJ1-2*01","NLVPMVATV","pp65","CMV","HLA-A*02:01"
1468,"TRAV24*01","CARNTGNQFYF","TRAJ49*01","TRBV6-5*01","CASSAQTGAAYGYTF","TRBJ1-2*01","NLVPMVATV","pp65","CMV","HLA-A*02:01"
1469,"TRAV26-2*01","CILRDIPFDRGSTLGRLYF","TRAJ18*01","TRBV6-5*01","CASSAQTGAAYGYTF","TRBJ1-2*01","NLVPMVATV","pp65","CMV","HLA-A*02:01"
1470,"TRAV12-3*01","CARNTGNQFYF","TRAJ49*01","TRBV6-5*01","CASSPQTGTGTYGYTF","TRBJ1-2*01","NLVPMVATV","pp65","CMV","HLA-A*02:01"
1471,"TRAV26-2*01","CILRDIPFDRGSTLGRLYF","TRAJ18*01","TRBV6-5*01","CASSPQTGTGTYGYTF","TRBJ1-2*01","NLVPMVATV","pp65","CMV","HLA-A*02:01"
1478,"TRAV24*01","CALGYGNQFYF","TRAJ49*01","TRBV27*01","CASSLLATGGNGYTF","TRBJ1-2*01","NLVPMVATV","pp65","CMV","HLA-A*02:01"
1479,"TRAV24*01","CARNTGNQFYF","TRAJ49*01","TRBV6-5*01","CASSPQTGTGTYGYTF","TRBJ1-2*01","NLVPMVATV","pp65","CMV","HLA-A*02:01"
1480,"TRAV24*01","CARNTGNQFYF","TRAJ49*01","TRBV6-5*01","CASSRQTGSIYGYTF","TRBJ1-2*01","NLVPMVATV","pp65","CMV","HLA-A*02:01"
1486,"TRAV24*01","CARNTGNQFYF","TRAJ49*01","TRBV6-5*01","CASSPTTGTAYGYTF","TRBJ1-2*01","NLVPMVATV","pp65","CMV","HLA-A*02:01"
1505,"TRAV21*01","SSGNQFYF","TRAJ49*01","TRBV6-5*01","CASSQQTGTIGGYTF","TRBJ1-2*01","NLVPMVATV","pp65","CMV","HLA-A*02"
1507,"TRAV24*01","CASPTGNQFYF","TRAJ49*01","TRBV27*01","CASSFTLGTGGVEQYF","TRBJ2-7*01","NLVPMVATV","pp65","CMV","HLA-A*02"
25935,"TRAV18*01","CASNTGNQFYF","TRAJ49*01","TRBV6-5*01","CASSPVTGTGHYGYTF","TRBJ1-2*01","NLVPMVATV","pp65","CMV","HLA-A*02"
