clone ID,TRAV,CDR3 Alpha,TRAJ,TRBV,CDR3 Beta,TRBJ,ALPHA,BETA
ES179M1-01,TRAV6*01,CALDKGGGSQGNLIF,TRAJ42*01,TRBV19*01,CASSTRSTDTQYF,TRBJ2-3*01,SQKIEQNSEALNIQEGKTATLTCNYTNYSPAYLQWYRQDPGRGPVFLLLIRENEKEKRKERLKVTFDTTLKQSLFHITASQPADSATYLCALDKGGGSQGNLIFGKGTKLSVKP,DGGITQSPKYLFRKEGQNVTLSCEQNLNHDAMYWYRQDPGQGLRLIYYSQIVNDFQKGDIAEGYSVSREKKESFPLTVTSAQKNPTAFYLCASSTRSTDTQYFGPGTRLTVL
ES179M1-02,TRAV6*01,CALDMGGGSQGNLIF,TRAJ42*01,TRBV19*01,CASSTRSTDTQYF,TRBJ2-3*01,SQKIEQNSEALNIQEGKTATLTCNYTNYSPAYLQWYRQDPGRGPVFLLLIRENEKEKRKERLKVTFDTTLKQSLFHITASQPADSATYLCALDMGGGSQGNLIFGKGTKLSVKP,DGGITQSPKYLFRKEGQNVTLSCEQNLNHDAMYWYRQDPGQGLRLIYYSQIVNDFQKGDIAEGYSVSREKKESFPLTVTSAQKNPTAFYLCASSTRSTDTQYFGPGTRLTVL
ES179M1-03,TRAV25*01,CAGNYGGSQGNLIF,TRAJ42*01,TRBV19*01,CASSPRSTDTQYF,TRBJ2-3*01,GQQVMQIPQYQHVQEGEDFTTYCNSSTTLSNIQWYKQRPGGHPVFLIQLVKSGEVKKQKRLTFQFGEAKKNSSLHITATQTTDVGTYFCAGNYGGSQGNLIFGKGTKLSVKP,DGGITQSPKYLFRKEGQNVTLSCEQNLNHDAMYWYRQDPGQGLRLIYYSQIVNDFQKGDIAEGYSVSREKKESFPLTVTSAQKNPTAFYLCASSPRSTDTQYFGPGTRLTVL
ES179M1-04,TRAV27*01,CAAGGSQGNLIF,TRAJ42*01,TRBV19*01,CASSIRSSYEQYF,TRBJ2-7*01,TQLLEQSPQFLSIQEGENLTVYCNSSSVFSSLQWYRQEPGEGPVLLVTVVTGGEVKKLKRLTFQFGDARKDSSLHITAAQPGDTGLYLCAAGGSQGNLIFGKGTKLSVKP,DGGITQSPKYLFRKEGQNVTLSCEQNLNHDAMYWYRQDPGQGLRLIYYSQIVNDFQKGDIAEGYSVSREKKESFPLTVTSAQKNPTAFYLCASSIRSSYEQYFGPGTRLTVT
ES179M1-05,TRAV20*01,CAVQPPNFGNEKLTF,TRAJ48*01,TRBV19*01,CASSGRSTDTQYF,TRBJ2-3*01,EDQVTQSPEALRLQEGESSSLNCSYTVSGLRGLFWYRQDPGKGPEFLFTLYSAGEEKEKERLKATLTKKESFLHITAPKPEDSATYLCAVQPPNFGNEKLTFGTGTRLTIIP,DGGITQSPKYLFRKEGQNVTLSCEQNLNHDAMYWYRQDPGQGLRLIYYSQIVNDFQKGDIAEGYSVSREKKESFPLTVTSAQKNPTAFYLCASSGRSTDTQYFGPGTRLTVL
ES556M1-01,TRAV5*01,CAETGGGSQGNLIF,TRAJ42*01,TRBV19*01,CASSIRSSYEQYF,TRBJ2-7*01,GEDVEQSLFLSVREGDSSVINCTYTDSSSTYLYWYKQEPGAGLQLLTYIFSNMDMKQDQRLTVLLNKKDKHLSLRIADTQTGDSAIYFCAETGGGSQGNLIFGKGTKLSVKP,DGGITQSPKYLFRKEGQNVTLSCEQNLNHDAMYWYRQDPGQGLRLIYYSQIVNDFQKGDIAEGYSVSREKKESFPLTVTSAQKNPTAFYLCASSIRSSYEQYFGPGTRLTVT
ES556M1-02,TRAV27*01,CAGGGSSNTGKLIF,TRAJ37*02,TRBV19*01,CASSIRSSYEQYF,TRBJ2-7*01,TQLLEQSPQFLSIQEGENLTVYCNSSSVFSSLQWYRQEPGEGPVLLVTVVTGGEVKKLKRLTFQFGDARKDSSLHITAAQPGDTGLYLCAGGGSSNTGKLIFGQGTTLQVKP,DGGITQSPKYLFRKEGQNVTLSCEQNLNHDAMYWYRQDPGQGLRLIYYSQIVNDFQKGDIAEGYSVSREKKESFPLTVTSAQKNPTAFYLCASSIRSSYEQYFGPGTRLTVT
ES556M1-03,TRAV12-1*01,CVVRVDYKLSF,TRAJ20*01,TRBV28*01,CASSPVDRSLNQPQHF,TRBJ1-5*01,RKEVEQDPGPFNVPEGATVAFNCTYSNSASQSFFWYRQDCRKEPKLLMSVYSSGNEDGRFTAQLNRASQYISLLIRDSKLSDSATYLCVVRVDYKLSFGAGTTVTVRA,DVKVTQSSRYLVKRTGEKVFLECVQDMDHENMFWYRQDPGLGLRLIYFSYDVKMKEKGDIPEGYSVSREKKERFSLILESASTNQTSMYLCASSPVDRSLNQPQHFGDGTRLSIL
ES556M1-04,TRAV38-2/DV8*01,CAYSSSAGGTSYGKLTF,TRAJ52*01,TRBV19*01,CASSIGLYGYTF,TRBJ1-2*01,AQTVTQSQPEMSVQEAETVTLSCTYDTSESDYYLFWYKQPPSRQMILVIRQEAYKQQNATENRFSVNFQKAAKSFSLKISDSQLGDAAMYFCAYRSSAGGTSYGKLTFGQGTILTVHP,DGGITQSPKYLFRKEGQNVTLSCEQNLNHDAMYWYRQDPGQGLRLIYYSQIVNDFQKGDIAEGYSVSREKKESFPLTVTSAQKNPTAFYLCASSIGLYGYTFGSGTRLTVV
ES556M1-05,TRAV5*01,CAENQGGGSQGNLIF,TRAJ42*01,TRBV19*01,CASSSRSSGELFF,TRBJ2-2*01,GEDVEQSLFLSVREGDSSVINCTYTDSSSTYLYWYKQEPGAGLQLLTYIFSNMDMKQDQRLTVLLNKKDKHLSLRIADTQTGDSAIYFCAENQGGGSQGNLIFGKGTKLSVKP,DGGITQSPKYLFRKEGQNVTLSCEQNLNHDAMYWYRQDPGQGLRLIYYSQIVNDFQKGDIAEGYSVSREKKESFPLTVTSAQKNPTAFYLCASSSRSSGELFFGEGSRLTVL
ES556M1-06,TRAV27*01,CAGSSGNTGKLIF,TRAJ37*01,TRBV19*01,CASSIRSGYEQYF,TRBJ2-7*01,TQLLEQSPQFLSIQEGENLTVYCNSSSVFSSLQWYRQEPGEGPVLLVTVVTGGEVKKLKRLTFQFGDARKDSSLHITAAQPGDTGLYLCAGSSGNTGKLIFGQGTTLQVKP,DGGITQSPKYLFRKEGQNVTLSCEQNLNHDAMYWYRQDPGQGLRLIYYSQIVNDFQKGDIAEGYSVSREKKESFPLTVTSAQKNPTAFYLCASSIRSGYEQYFGPGTRLTVT
ES556M1-07,TRAV27*01,CAGVDGGSQGNLIF,TRAJ42*01,TRBV19*01,CASSIRSSYEQYF,TRBJ2-7*01,TQLLEQSPQFLSIQEGENLTVYCNSSSVFSSLQWYRQEPGEGPVLLVTVVTGGEVKKLKRLTFQFGDARKDSSLHITAAQPGDTGLYLCAGVDGGSQGNLIFGKGTKLSVKP,DGGITQSPKYLFRKEGQNVTLSCEQNLNHDAMYWYRQDPGQGLRLIYYSQIVNDFQKGDIAEGYSVSREKKESFPLTVTSAQKNPTAFYLCASSIRSSYEQYFGPGTRLTVT
ES556M1-08,TRAV16*01,CARKSYGQNFVF,TRAJ26*01,TRBV19*01,CASSIRSSYEQYF,TRBJ2-7*01,AQRVTQPEKLLSVFKGAPVELKCNYSYSGSPELFWYVQYSRQRLQLLLRHISRESIKGFTADLNKGETSFHLKKPFAQEEDSAMYYCALKSYGQNFVFGPGTRLSVLP,DGGITQSPKYLFRKEGQNVTLSCEQNLNHDAMYWYRQDPGQGLRLIYYSQIVNDFQKGDIAEGYSVSREKKESFPLTVTSAQKNPTAFYLCASSIRSSYEQYFGPGTRLTVT
ES556M1-09,TRAV27*01,CAGGGGGSQGNLIF,TRAJ42*01,TRBV19*01,CASSFRSSYEQYF,TRBJ2-7*01,TQLLEQSPQFLSIQEGENLTVYCNSSSVFSSLQWYRQEPGEGPVLLVTVVTGGEVKKLKRLTFQFGDARKDSSLHITAAQPGDTGLYLCAGGGGGSQGNLIFGKGTKLSVKP,DGGITQSPKYLFRKEGQNVTLSCEQNLNHDAMYWYRQDPGQGLRLIYYSQIVNDFQKGDIAEGYSVSREKKESFPLTVTSAQKNPTAFYLCASSFRSSYEQYFGPGTRLTVT
ES556M1-10,TRAV27*01,CAGAGGGSQGNLIF,TRAJ42*01,TRBV19*01,CASSGRSTDTQYF,TRBJ2-3*01,TQLLEQSPQFLSIQEGENLTVYCNSSSVFSSLQWYRQEPGEGPVLLVTVVTGGEVKKLKRLTFQFGDARKDSSLHITAAQPGDTGLYLCAGAGGGSQGNLIFGKGTKLSVKP,DGGITQSPKYLFRKEGQNVTLSCEQNLNHDAMYWYRQDPGQGLRLIYYSQIVNDFQKGDIAEGYSVSREKKESFPLTVTSAQKNPTAFYLCASSGRSTDTQYFGPGTRLTVL
ES556M1-11,TRAV16*01,CALSGPRSNYQLIW,TRAJ33*01,TRBV19*01,CASSSRSTDTQYF,TRBJ2-3*01,AQRVTQPEKLLSVFKGAPVELKCNYSYSGSPELFWYVQYSRQRLQLLLRHISRESIKGFTADLNKGETSFHLKKPFAQEEDSAMYYCALSGPRSNYQLIWGAGTKLIIKP,DGGITQSPKYLFRKEGQNVTLSCEQNLNHDAMYWYRQDPGQGLRLIYYSQIVNDFQKGDIAEGYSVSREKKESFPLTVTSAQKNPTAFYLCASSSRSTDTQYFGPGTRLTVL
ES556M1-12,TRAV12-3*02,CAMSGDGGSQGNLIF,TRAJ42*01,TRBV19*01,CASSTRSGYEQFF,TRBJ2-1*01,QKEVEQDPGPLSVPEGAIVSLNCTYSNSAFQYFMWYRQYSRIGPELLMYTYSSGNKEDGRFTAQVDKSSKYISLFIRDSQPSDSATYLCAMSGDGGSQGNLIFGKGTKLSVKP,DGGITQSPKYLFRKEGQNVTLSCEQNLNHDAMYWYRQDPGQGLRLIYYSQIVNDFQKGDIAEGYSVSREKKESFPLTVTSAQKNPTAFYLCASSTRSGYEQFFGPGTRLTVL
ES556M1-13,TRAV30*01,CGTDTTDSWGKFQF,TRAJ24*02,TRBV19*01,CASSSRGSDTQYF,TRBJ2-3*01,QQPVQSPQAVILREGEDAVINCSSSKALYSVHWYRQKHGEAPVFLMILLKGGEQKGHEKISASFNEKKQQSSLYLTASQLSYSGTYFCGTDTTDSWGKFQFGAGTQVVVTP,DGGITQSPKYLFRKEGQNVTLSCEQNLNHDAMYWYRQDPGQGLRLIYYSQIVNDFQKGDIAEGYSVSREKKESFPLTVTSAQKNPTAFYLCASSSRGSDTQYFGPGTRLTVL
ES556M1-14,TRAV27*01,CAGASGNTGKLIF,TRAJ37*01,TRBV19*01,CASSIRSSYEQYF,TRBJ2-7*01,TQLLEQSPQFLSIQEGENLTVYCNSSSVFSSLQWYRQEPGEGPVLLVTVVTGGEVKKLKRLTFQFGDARKDSSLHITAAQPGDTGLYLCAGASGNTGKLIFGQGTTLQVKP,DGGITQSPKYLFRKEGQNVTLSCEQNLNHDAMYWYRQDPGQGLRLIYYSQIVNDFQKGDIAEGYSVSREKKESFPLTVTSAQKNPTAFYLCASSIRSSYEQYFGPGTRLTVT
ES556M1-15,TRAV35*02,CAGGGYGGSQGNLIF,TRAJ42*01,TRBV19*01,CASSSRSSGELFF,TRBJ2-2*01,GQQLNQSPQSMFIQEGEDVSMNCTSSSIFNTWLWYKQDPGEGPVLLIALYKAGELTSNGRLTAQFGITRKDSFLNISASIPSDVGIYFCAGGGYGGSQGNLIFGKGTKLSVKP,DGGITQSPKYLFRKEGQNVTLSCEQNLNHDAMYWYRQDPGQGLRLIYYSQIVNDFQKGDIAEGYSVSREKKESFPLTVTSAQKNPTAFYLCASSSRSSGELFFGEGSRLTVL
ES556M1-16,TRAV27*01,CAGGGSQGNLIF,TRAJ42*01,TRBV19*01,CASSIRSSYEQYF,TRBJ2-7*01,TQLLEQSPQFLSIQEGENLTVYCNSSSVFSSLQWYRQEPGEGPVLLVTVVTGGEVKKLKRLTFQFGDARKDSSLHITAAQPGDTGLYLCAGGGSQGNLIFGKGTKLSVKP,DGGITQSPKYLFRKEGQNVTLSCEQNLNHDAMYWYRQDPGQGLRLIYYSQIVNDFQKGDIAEGYSVSREKKESFPLTVTSAQKNPTAFYLCASSIRSSYEQYFGPGTRLTVT
ES556M1-17,TRAV27*01,CAGGGSSNTGKLIF,TRAJ37*02,TRBV19*01,CASSIRSSYEQYF,TRBJ2-7*01,TQLLEQSPQFLSIQEGENLTVYCNSSSVFSSLQWYRQEPGEGPVLLVTVVTGGEVKKLKRLTFQFGDARKDSSLHITAAQPGDTGLYLCAGGGSSNTGKLIFGQGTTLQVKP,DGGITQSPKYLFRKEGQNVTLSCEQNLNHDAMYWYRQDPGQGLRLIYYSQIVNDFQKGDIAEGYSVSREKKESFPLTVTSAQKNPTAFYLCASSIRSSYEQYFGPGTRLTVT
ES556M1-18,TRAV27*01,CAGANGGSQGNLIF,TRAJ42*01,TRBV19*01,CASSKRSSGELFF,TRBJ2-2*01,TQLLEQSPQFLSIQEGENLTVYCNSSSVFSSLQWYRQEPGEGPVLLVTVVTGGEVKKLKRLTFQFGDARKDSSLHITAAQPGDTGLYLCAGANGGSQGNLIFGKGTKLSVKP,DGGITQSPKYLFRKEGQNVTLSCEQNLNHDAMYWYRQDPGQGLRLIYYSQIVNDFQKGDIAEGYSVSREKKESFPLTVTSAQKNPTAFYLCASSKRSSGELFFGEGSRLTVL
ES556M1-19,TRAV27*01,CAAGGSQGNLIF,TRAJ42*01,TRBV19*01,CASSVRSSYEQYF,TRBJ2-7*01,TQLLEQSPQFLSIQEGENLTVYCNSSSVFSSLQWYRQEPGEGPVLLVTVVTGGEVKKLKRLTFQFGDARKDSSLHITAAQPGDTGLYLCAAGGSQGNLIFGKGTKLSVKP,DGGITQSPKYLFRKEGQNVTLSCEQNLNHDAMYWYRQDPGQGLRLIYYSQIVNDFQKGDIAEGYSVSREKKESFPLTVTSAQKNPTAFYLCASSIRSSYEQYFGPGTRLTVT
ES556M1-20,TRAV27*01,CAGGGSQGNLIF,TRAJ42*01,TRBV19*01,CASSIRSAYEQYF,TRBJ2-7*01,TQLLEQSPQFLSIQEGENLTVYCNSSSVFSSLQWYRQEPGEGPVLLVTVVTGGEVKKLKRLTFQFGDARKDSSLHITAAQPGDTGLYLCAGGGSQGNLIFGKGTKLSVKP,DGGITQSPKYLFRKEGQNVTLSCEQNLNHDAMYWYRQDPGQGLRLIYYSQIVNDFQKGDIAEGYSVSREKKESFPLTVTSAQKNPTAFYLCASSIRSAYEQYFGPGTRLTVT
D044M1-01,TRAV38-2/DV8*01,CAYSPNAGGTSYGKLTF,TRAJ52*01,TRBV19*02,CASSMGLYGYTF,TRBJ1-2*01,AQTVTQSQPEMSVQEAETVTLSCTYDTSESDYYLFWYKQPPSRQMILVIRQEAYKQQNATENRFSVNFQKAAKSFSLKISDSQLGDAAMYFCAYRPNAGGTSYGKLTFGQGTILTVHP,DGGITQSPKYLFRKEGQNVTLSCEQNLNHDAMYWYRQVPGQGLRLIYYSHIVNDFQKGDIAEGYSVSREKKESFPLTVTSAQKNPTAFYLCASSMGLYGYTFGSGTRLTVV
D044M1-02,TRAV16*01,CAPPPSLGKTF,TRAJ58*01,TRBV19*02,CASSILDGAYNEQFF,TRBJ2-1*01,AQRVTQPEKLLSVFKGAPVELKCNYSYSGSPELFWYVQYSRQRLQLLLRHISRESIKGFTADLNKGETSFHLKKPFAQEEDSAMYYCAPPPSLGKTFGEGTQLTVNP,DGGITQSPKYLFRKEGQNVTLSCEQNLNHDAMYWYRQVPGQGLRLIYYSHIVNDFQKGDIAEGYSVSREKKESFPLTVTSAQKNPTAFYLCASSILDGAYNEQFFGPGTRLTVL
D044M1-04,TRAV27*01,CAGGGSQGNLIF,TRAJ42*01,TRBV19*02,CASSIRSSYEQFF,TRBJ2-1*01,TQLLEQSPQFLSIQEGENLTVYCNSSSVFSSLQWYRQEPGEGPVLLVTVVTGGEVKKLKRLTFQFGDARKDSSLHITAAQPGDTGLYLCAGGGSQGNLIFGKGTKLSVKP,DGGITQSPKYLFRKEGQNVTLSCEQNLNHDAMYWYRQVPGQGLRLIYYSHIVNDFQKGDIAEGYSVSREKKESFPLTVTSAQKNPTAFYLCASSIRSSYEQFFGPGTRLTVL
D044M1-05,TRAV24*01,CASHSGNTGKLIF,TRAJ37*01,TRBV19*02,CASSIFAGDTQYF,TRBJ2-3*01,ILNVEQSPQSLHVQEGDSTNFTCSFPSSNFYALHWYRWETAKSPEALFVMTLNGDEKKKGRISATLNTKEGYSYLYIKGSQPEDSATYLCASHSGNTGKLIFGQGTTLQVKP,DGGITQSPKYLFRKEGQNVTLSCEQNLNHDAMYWYRQVPGQGLRLIYYSHIVNDFQKGDIAEGYSVSREKKESFPLTVTSAQKNPTAFYLCASSIFAGDTQYFGPGTRLTVL
D044M1-06,TRAV27*01,CAGAGGGSQGNFIF,TRAJ42*01,TRBV19*03,CASSQRSTDTQYF,TRBJ2-3*01,TQLLEQSPQFLSIQEGENLTVYCNSSSVFSSLQWYRQEPGEGPVLLVTVVTGGEVKKLKRLTFQFGDARKDSSLHITAAQPGDTGLYLCAGAGGGSQGNFIFGKGTKLSVKP,DGGITQSPKYLFRKEGQNVTLSCEQNLNHDAMYWYRQDPGQGLRLIYYSHIVNDFQKGDIAEGYSVSREKKESFPLTVTSAQKNPTAFYLCASSQRSTDTQYFGPGTRLTVL
D044M1-07,TRAV27*01,CAGPSHQGGKLIF,TRAJ23*01,TRBV19*02,CASSMRSGWEQFF,TRBJ2-1*01,TQLLEQSPQFLSIQEGENLTVYCNSSSVFSSLQWYRQEPGEGPVLLVTVVTGGEVKKLKRLTFQFGDARKDSSLHITAAQPGDTGLYLCAGPSHQGGKLIFGQGTELSVKP,DGGITQSPKYLFRKEGQNVTLSCEQNLNHDAMYWYRQVPGQGLRLIYYSHIVNDFQKGDIAEGYSVSREKKESFPLTVTSAQKNPTAFYLCASSIRSGWEQFFGPGTRLTVL
D044M1-08,TRAV27*01,CAGAGNTGKLIF,TRAJ37*02,TRBV19*02,CASSVRSSYEQYF,TRBJ2-7*01,TQLLEQSPQFLSIQEGENLTVYCNSSSVFSSLQWYRQEPGEGPVLLVTVVTGGEVKKLKRLTFQFGDARKDSSLHITAAQPGDTGLYLCAGAGNTGKLIFGQGTTLQVKP,DGGITQSPKYLFRKEGQNVTLSCEQNLNHDAMYWYRQVPGQGLRLIYYSHIVNDFQKGDIAEGYSVSREKKESFPLTVTSAQKNPTAFYLCASSIRSSYEQYFGPGTRLTVT
D044M1-09,TRAV8-6*02,CAVSDGTGGFKTIF,TRAJ9*01,TRBV9*01,CASSEGHHSHTDTQYF,TRBJ2-3*01,AQSVTQLDSQVPVFEEAPVELRCNYSSSVSVYLFWYVQYPNQGLQLLLKYLSGSTLVKGINGFEAEFNKSQTSFHLRKPSVHISDTAEYFCAVSDGTGGFKTIFGAGTRLFVKA,DSGVTQTPKHLITATGQRVTLRCSPRSGDLSVYWYQQSLDQGLQFLIQYYNGEERAKGNILERFSAQQFPDLHSELNLSSLELGDSALYFCASSEGHHSHTDTQYFGPGTRLTVL
D044M1-10,TRAV38-2/DV8*01,CAYMINAGGTSYGKLTF,TRAJ52*01,TRBV19*02,CASSIGVYGYTF,TRBJ1-2*01,AQTVTQSQPEMSVQEAETVTLSCTYDTSESDYYLFWYKQPPSRQMILVIRQEAYKQQNATENRFSVNFQKAAKSFSLKISDSQLGDAAMYFCAYRINAGGTSYGKLTFGQGTILTVHP,DGGITQSPKYLFRKEGQNVTLSCEQNLNHDAMYWYRQVPGQGLRLIYYSHIVNDFQKGDIAEGYSVSREKKESFPLTVTSAQKNPTAFYLCASSIGVYGYTFGSGTRLTVV
D044M1-11,TRAV38-1*01,CAFMKHEGQGAQKLVF,TRAJ54*01,TRBV5-8*01,CASSLSGWDRGLRSYEQYF,TRBJ2-7*01,AQTVTQSQPEMSVQEAETVTLSCTYDTSENNYYLFWYKQPPSRQMILVIRQEAYKQQNATENRFSVNFQKAAKSFSLKISDSQLGDTAMYFCAFMKHEGQGAQKLVFGQGTRLTINP,EAGVTQSPTHLIKTRGQQATLRCSPISGHTSVYWYQQALGLGLQFLLWYDEGEERNRGNFPPRFSGRQFPNYSSELNVNALELEDSALYLCASSLSGWDRGLRSYEQYFGPGTRLTVT
D044M1-12,TRAV3*01,CVVRGTNAGKSTF,TRAJ27*01,TRBV19*02,CASSIYSTNEQFF,TRBJ2-1*01,AQSVAQPEDQVNVAEGNPLTVKCTYSVSGNPYLFWYVQYPNRGLQFLLKYITGDNLVKGSYGFEAEFNKSQTSFHLKKPSALVSDSALYFCAVRGTNAGKSTFGDGTTLTVKP,DGGITQSPKYLFRKEGQNVTLSCEQNLNHDAMYWYRQVPGQGLRLIYYSHIVNDFQKGDIAEGYSVSREKKESFPLTVTSAQKNPTAFYLCASSIYSTNEQFFGPGTRLTVL
D044M1-13,TRAV27*01,CAGAGMGMNRDDKIIF,TRAJ30*01,TRBV19*02,CASSIRSYYEQYF,TRBJ2-7*01,TQLLEQSPQFLSIQEGENLTVYCNSSSVFSSLQWYRQEPGEGPVLLVTVVTGGEVKKLKRLTFQFGDARKDSSLHITAAQPGDTGLYLCAGAGMGMNRDDKIIFGKGTRLHILP,DGGITQSPKYLFRKEGQNVTLSCEQNLNHDAMYWYRQVPGQGLRLIYYSHIVNDFQKGDIAEGYSVSREKKESFPLTVTSAQKNPTAFYLCASSIRSYYEQYFGPGTRLTVT
D044M1-14,TRAV3*01,CVVRWTNAGKSTF,TRAJ27*01,TRBV19*02,CASSIYSTNEQFF,TRBJ2-1*01,AQSVAQPEDQVNVAEGNPLTVKCTYSVSGNPYLFWYVQYPNRGLQFLLKYITGDNLVKGSYGFEAEFNKSQTSFHLKKPSALVSDSALYFCAVRWTNAGKSTFGDGTTLTVKP,DGGITQSPKYLFRKEGQNVTLSCEQNLNHDAMYWYRQVPGQGLRLIYYSHIVNDFQKGDIAEGYSVSREKKESFPLTVTSAQKNPTAFYLCASSIYSTNEQFFGPGTRLTVL
D044M1-15,TRAV12-1*01,CVEDYGGSQGNLIF,TRAJ42*01,TRBV19*02,CASSSRSADTQYF,TRBJ2-3*01,RKEVEQDPGPFNVPEGATVAFNCTYSNSASQSFFWYRQDCRKEPKLLMSVYSSGNEDGRFTAQLNRASQYISLLIRDSKLSDSATYLCVVDYGGSQGNLIFGKGTKLSVKP,DGGITQSPKYLFRKEGQNVTLSCEQNLNHDAMYWYRQVPGQGLRLIYYSHIVNDFQKGDIAEGYSVSREKKESFPLTVTSAQKNPTAFYLCASSSRSADTQYFGPGTRLTVL
D044M1-16,TRAV24*01,CAYLGGWGKLQF,TRAJ24*02,TRBV19*02,CASSIYSQETQYF,TRBJ2-5*01,ILNVEQSPQSLHVQEGDSTNFTCSFPSSNFYALHWYRWETAKSPEALFVMTLNGDEKKKGRISATLNTKEGYSYLYIKGSQPEDSATYLCAYLGGWGKLQFGAGTQVVVTP,DGGITQSPKYLFRKEGQNVTLSCEQNLNHDAMYWYRQVPGQGLRLIYYSHIVNDFQKGDIAEGYSVSREKKESFPLTVTSAQKNPTAFYLCASSIYSQETQYFGPGTRLLVL
D044M1-17,TRAV27*01,CAGSGNTGKLIF,TRAJ37*01,TRBV19*02,CASSIRSAYEQYF,TRBJ2-7*01,TQLLEQSPQFLSIQEGENLTVYCNSSSVFSSLQWYRQEPGEGPVLLVTVVTGGEVKKLKRLTFQFGDARKDSSLHITAAQPGDTGLYLCAGSGNTGKLIFGQGTTLQVKP,DGGITQSPKYLFRKEGQNVTLSCEQNLNHDAMYWYRQVPGQGLRLIYYSHIVNDFQKGDIAEGYSVSREKKESFPLTVTSAQKNPTAFYLCASSIRSAYEQYFGPGTRLTVT
D044M1-18,TRAV27*01,CAGGGSQGNLIF,TRAJ42*01,TRBV19*02,CASSIRSSYEQYF,TRBJ2-7*01,TQLLEQSPQFLSIQEGENLTVYCNSSSVFSSLQWYRQEPGEGPVLLVTVVTGGEVKKLKRLTFQFGDARKDSSLHITAAQPGDTGLYLCAGGGSQGNLIFGKGTKLSVKP,DGGITQSPKYLFRKEGQNVTLSCEQNLNHDAMYWYRQVPGQGLRLIYYSHIVNDFQKGDIAEGYSVSREKKESFPLTVTSAQKNPTAFYLCASSIRSSYEQYFGPGTRLTVT
D044M1-19,TRAV12-3*02,CAMSGEGGNTGKLIF,TRAJ37*01,TRBV19*02,CASSMRSSYEQYF,TRBJ2-7*01,QKEVEQDPGPLSVPEGAIVSLNCTYSNSAFQYFMWYRQYSRIGPELLMYTYSSGNKEDGRFTAQVDKSSKYISLFIRDSQPSDSATYLCAMSGEGGNTGKLIFGQGTTLQVKP,DGGITQSPKYLFRKEGQNVTLSCEQNLNHDAMYWYRQVPGQGLRLIYYSHIVNDFQKGDIAEGYSVSREKKESFPLTVTSAQKNPTAFYLCASSIRSSYEQYFGPGTRLTVT
D044M1-20,TRAV27*01,CAGSAVTGNHFFF,TRAJ49*01,TRBV19*02,CASSIRSAYEQYF,TRBJ2-7*01,TQLLEQSPQFLSIQEGENLTVYCNSSSVFSSLQWYRQEPGEGPVLLVTVVTGGEVKKLKRLTFQFGDARKDSSLHITAAQPGDTGLYLCAGSAVTGNHFFFGTGTSLTVIP,DGGITQSPKYLFRKEGQNVTLSCEQNLNHDAMYWYRQVPGQGLRLIYYSHIVNDFQKGDIAEGYSVSREKKESFPLTVTSAQKNPTAFYLCASSIRSAYEQYFGPGTRLTVT
D044M1-21,TRAV14/DV4*02,CAMRPNTGGFKTIF,TRAJ9*01,TRBV9*01,CASSEGVGESSYNSPLHF,TRBJ1-6*01,AQKITQTQPGMFVQEKEAVTLDCTYDTSDQSYGLFWYKQPSSGEMIFLIYQGSYDEQNATEGRYSLNFQKARKSANLVISASQLGDSAMYFCAMRPNTGGFKTIFGAGTRLFVKA,DSGVTQTPKHLITATGQRVTLRCSPRSGDLSVYWYQQSLDQGLQFLIQYYNGEERAKGNILERFSAQQFPDLHSELNLSSLELGDSALYFCASSEGVGESSYNSPLHFGNGTRLTVT
D044M1-22,TRAV13-1*02,CAPSGGGSQGNLIF,TRAJ42*01,TRBV19*02,CASSIRSSYNEQFF,TRBJ2-1*01,GENVEQHPSTLSVQEGDSAVIKCTYSDSASNYFPWYKQELGKRPQLIIDIRSNVGEKKDQRIAVTLNKTAKHFSLHITETQPEDSAVYFCAPSGGGSQGNLIFGKGTKLSVKP,DGGITQSPKYLFRKEGQNVTLSCEQNLNHDAMYWYRQVPGQGLRLIYYSHIVNDFQKGDIAEGYSVSREKKESFPLTVTSAQKNPTAFYLCASSIRSSYNEQFFGPGTRLTVL
ES556BM-01,TRAV5*01,CADPGGGNNLIF,TRAJ15*01,TRBV9*01,CASSTGQTTNTGELFF,TRBJ2-2*01,GEDVEQSLFLSVREGDSSVINCTYTDSSSTYLYWYKQEPGAGLQLLTYIFSNMDMKQDQRLTVLLNKKDKHLSLRIADTQTGDSAIYFCAEPGGGNNLIFGKGTTLSVSS,DSGVTQTPKHLITATGQRVTLRCSPRSGDLSVYWYQQSLDQGLQFLIQYYNGEERAKGNILERFSAQQFPDLHSELNLSSLELGDSALYFCASSTGQTTNTGELFFGEGSRLTVL
ES556BM-02,TRAV5*01,CAESISSRASKIIF,TRAJ3*01,TRBV14*01,CASSQAPGGIQYF,TRBJ2-4*01,GEDVEQSLFLSVREGDSSVINCTYTDSSSTYLYWYKQEPGAGLQLLTYIFSNMDMKQDQRLTVLLNKKDKHLSLRIADTQTGDSAIYFCAESISSRASKIIFGSGTRLSIRP,EAGVTQFPSHSVIEKGQTVTLRCDPISGHDNLYWYRRVMGKEIKFLLHFVKESKQDESGMPNNRFLAERTGGTYSTLKVQPAELEDSGVYFCASSQAPGGIQYFGAGTRLSVL
ES556BM-03,TRAV13-1*02,CAAEGDSSYKLIF,TRAJ12*01,TRBV9*01,CASSVGTVTSGNTIYF,TRBJ1-3*01,GENVEQHPSTLSVQEGDSAVIKCTYSDSASNYFPWYKQELGKRPQLIIDIRSNVGEKKDQRIAVTLNKTAKHFSLHITETQPEDSAVYFCAAEGDSSYKLIFGSGTRLLVRP,DSGVTQTPKHLITATGQRVTLRCSPRSGDLSVYWYQQSLDQGLQFLIQYYNGEERAKGNILERFSAQQFPDLHSELNLSSLELGDSALYFCASSVGTVTSGNTIYFGEGSWLTVV
ES556BM-04,TRAV13-2*02,CAEGPGGQKLLF,TRAJ16*01,TRBV3-2*03,CASSPTSGSVYEQYF,TRBJ2-7*01,GESVGLHLPTLSVQEGDNSIINCAYSNSASDYFIWYKQESGKGPQFIIDIRSNMDKRQGQRVTVLLNKTVKHLSLQIAATQPGDSAVYFCAEGPGGQKLLFARGTMLKVDL,DTAVSQTPKYLVTQTGKKESLKEQNLGHNAMYWYKQDSKKFLKTMFIYSNKEPILNETVPNRFSPDSPDKVHLNLHINSLELGDSAVYFCASSPTSGSVYEQYFGPGTRLTVT
ES556BM-05,TRAV20*01,CAVTSGTYKYIF,TRAJ40*01,TRBV28*01,CATIQGNTEAFF,TRBJ1-1*01,EDQVTQSPEALRLQEGESSSLNCSYTVSGLRGLFWYRQDPGKGPEFLFTLYSAGEEKEKERLKATLTKKESFLHITAPKPEDSATYLCAVTSGTYKYIFGTGTRLKVLA,DVKVTQSSRYLVKRTGEKVFLECVQDMDHENMFWYRQDPGLGLRLIYFSYDVKMKEKGDIPEGYSVSREKKERFSLILESASTNQTSMYLCASSLGNTEAFFGQGTRLTVV
ES556BM-06,TRAV38-1*01,CAFMSPSNSGYALNF,TRAJ41*01,TRBV5-1*01,CASSLALAGGLFANTGELFF,TRBJ2-2*01,AQTVTQSQPEMSVQEAETVTLSCTYDTSENNYYLFWYKQPPSRQMILVIRQEAYKQQNATENRFSVNFQKAAKSFSLKISDSQLGDTAMYFCAFMKPSNSGYALNFGKGTSLLVTP,KAGVTQTPRYLIKTRGQQVTLSCSPISGHRSVSWYQQTPGQGLQFLFEYFSETQRNKGNFPGRFSGRQFSNSRSEMNVSTLELGDSALYLCASSLALAGGLFANTGELFFGEGSRLTVL
ES556BM-07,TRAV13-2*02,CAEGPGGQKLLF,TRAJ16*01,TRBV9*01,CASSVGTVTSGNTIYF,TRBJ1-3*01,GESVGLHLPTLSVQEGDNSIINCAYSNSASDYFIWYKQESGKGPQFIIDIRSNMDKRQGQRVTVLLNKTVKHLSLQIAATQPGDSAVYFCAEGPGGQKLLFARGTMLKVDL,DSGVTQTPKHLITATGQRVTLRCSPRSGDLSVYWYQQSLDQGLQFLIQYYNGEERAKGNILERFSAQQFPDLHSELNLSSLELGDSALYFCASSVGTVTSGNTIYFGEGSWLTVV
ES556BM-08,TRAV5*01,CAEMDAGFQKLVF,TRAJ8*01,TRBV20-1*07,CSAEAIYERTSGGPYNEQFF,TRBJ2-1*01,GEDVEQSLFLSVREGDSSVINCTYTDSSSTYLYWYKQEPGAGLQLLTYIFSNMDMKQDQRLTVLLNKKDKHLSLRIADTQTGDSAIYFCAEMDAGFQKLVFGTGTRLLVSP,GAVVSQHPSRVICKSGTSVKIECRSLDFQATTMFWYRQFPKKSLMQIATSNEGSKATYEQGVEKDKFLINHASLTLSTLTVTSAHPEDSSFYICSAEAIYERTSGGPYNEQFFGPGTRLTVL
ES556BM-09,TRAV5*01,CAEMDTGFQKLVF,TRAJ8*01,TRBV20-1*07,CSAEAIYERTSGGPYNEQFF,TRBJ2-1*01,GEDVEQSLFLSVREGDSSVINCTYTDSSSTYLYWYKQEPGAGLQLLTYIFSNMDMKQDQRLTVLLNKKDKHLSLRIADTQTGDSAIYFCAEMDTGFQKLVFGTGTRLLVSP,GAVVSQHPSRVICKSGTSVKIECRSLDFQATTMFWYRQFPKKSLMQIATSNEGSKATYEQGVEKDKFLINHASLTLSTLTVTSAHPEDSSFYICSAEAIYERTSGGPYNEQFFGPGTRLTVL
ES556BM-10,TRAV5*01,CADPGGGNNLIF,TRAJ15*01,TRBV6-4*02,CASSGAGDSDTQYF,TRBJ2-3*01,GEDVEQSLFLSVREGDSSVINCTYTDSSSTYLYWYKQEPGAGLQLLTYIFSNMDMKQDQRLTVLLNKKDKHLSLRIADTQTGDSAIYFCAEPGGGNNLIFGKGTTLSVSS,TAGITQAPTSQILAAGRSMTLRCTQDMRHNAMYWYRQDLGLGLRLIHYSNTAGTTGKGEVPDGYSVSRANTDDFPLTLASAVPSQTSVYFCASSGAGDSDTQYFGPGTRLTVL
ES556BM-11,TRAV5*01,CAEEGAGKSTF,TRAJ27*01,TRBV6-1*01,CASSEEAGTGNTEAFF,TRBJ1-1*01,GEDVEQSLFLSVREGDSSVINCTYTDSSSTYLYWYKQEPGAGLQLLTYIFSNMDMKQDQRLTVLLNKKDKHLSLRIADTQTGDSAIYFCAEEGAGKSTFGDGTTLTVKP,NAGVTQTPKFQVLKTGQSMTLQCAQDMNHNSMYWYRQDPGMGLRLIYYSASEGTTDKGEVPNGYNVSRLNKREFSLRLESAAPSQTSVYFCASSEEAGTGNTEAFFGQGTRLTVV
ES556BM-12,TRAV8-4*05,CACLNQGGKLIF,TRAJ23*01,TRBV7-8*03,CATGFGREQYF,TRBJ2-7*01,AQSVTQLGSHVSVSEGALVLLRCNYSSSVPPYLFWYVQYPNQGLQLLLKYTSAATLVKGINGFEAEFKKSETSFHLTKPSAHMSDAAEYFCACLNQGGKLIFGQGTELSVKP,GAGVSQSPRYKVAKRGQDVALRCDPISGHVSLFWYQQALGQGPEFLTYFQNEAQLDKSGLPSDRFFAERPEGSVSTLKIQRTQQEDSAVYLCASSFGREQYFGPGTRLTVT
ES556BM-13,TRAV12-1*01,CVVNGMDSSYKLIF,TRAJ12*01,TRBV2*01,CASSEGRVLPGELFF,TRBJ2-2*01,RKEVEQDPGPFNVPEGATVAFNCTYSNSASQSFFWYRQDCRKEPKLLMSVYSSGNEDGRFTAQLNRASQYISLLIRDSKLSDSATYLCVVNGMDSSYKLIFGSGTRLLVRP,EPEVTQTPSHQVTQMGQEVILRCVPISNHLYFYWYRQILGQKVEFLVSFYNNEISEKSEIFDDQFSVERPDGSNFTLKIRSTKLEDSAMYFCASSEGRVLPGELFFGEGSRLTVL
ES556BM-14,TRAV5*01,CADPWGGTALIF,TRAJ15*01,TRBV10-2*01,CASSDGGGANYEQYF,TRBJ2-7*01,GEDVEQSLFLSVREGDSSVINCTYTDSSSTYLYWYKQEPGAGLQLLTYIFSNMDMKQDQRLTVLLNKKDKHLSLRIADTQTGDSAIYFCAEPWGGTALIFGKGTTLSVSS,DAGITQSPRYKITETGRQVTLMCHQTWSHSYMFWYRQDLGHGLRLIYYSAAADITDKGEVPDGYVVSRSKTENFPLTLESATRSQTSVYFCASSDGGGANYEQYFGPGTRLTVT
ES556BM-15,TRAV19*01,CALASGTYKYIF,TRAJ40*01,TRBV20-1*07,CSATSGISYNEQFF,TRBJ2-1*01,AQKVTQAQTEISVVEKEDVTLDCVYETRDTTYYLFWYKQPPSGELVFLIRRNSFDEQNEISGRYSWNFQKSTSSFNFTITASQVVDSAVYFCALASGTYKYIFGTGTRLKVLA,GAVVSQHPSRVICKSGTSVKIECRSLDFQATTMFWYRQFPKKSLMQIATSNEGSKATYEQGVEKDKFLINHASLTLSTLTVTSAHPEDSSFYICSATSGISYNEQFFGPGTRLTVL
ES556BM-16,TRAV13-2*02,CAEIPSGGGADGLTF,TRAJ45*01,TRBV6-4*02,CASSDKVEGDTQYF,TRBJ2-3*01,GESVGLHLPTLSVQEGDNSIINCAYSNSASDYFIWYKQESGKGPQFIIDIRSNMDKRQGQRVTVLLNKTVKHLSLQIAATQPGDSAVYFCAEIPSGGGADGLTFGKGTHLIIQP,TAGITQAPTSQILAAGRSMTLRCTQDMRHNAMYWYRQDLGLGLRLIHYSNTAGTTGKGEVPDGYSVSRANTDDFPLTLASAVPSQTSVYFCASSDKVEGDTQYFGPGTRLTVL
ES556BM-17,TRAV13-1*02,CAAEGDSSYKLIF,TRAJ12*01,TRBV9*01,CASSVGTVTSGNTIYF,TRBJ1-3*01,GENVEQHPSTLSVQEGDSAVIKCTYSDSASNYFPWYKQELGKRPQLIIDIRSNVGEKKDQRIAVTLNKTAKHFSLHITETQPEDSAVYFCAAEGDSSYKLIFGSGTRLLVRP,DSGVTQTPKHLITATGQRVTLRCSPRSGDLSVYWYQQSLDQGLQFLIQYYNGEERAKGNILERFSAQQFPDLHSELNLSSLELGDSALYFCASSVGTVTSGNTIYFGEGSWLTVV
ES556BM-18,TRAV9-2*04,CASYNTDKLIF,TRAJ34*01,TRBV3-2*03,CASSPTSGSVYEQYF,TRBJ2-7*01,GNSVTQMEGPVTLSEEAFLTINCTYTATGYPSLFWYVQYPGEGLQLLLKATKADDKGSNKGFEATYRKETTSFHLEKGSVQVSDSAVYFCASYNTDKLIFGTGTRLQVFP,DTAVSQTPKYLVTQTGKKESLKEQNLGHNAMYWYKQDSKKFLKTMFIYSNKEPILNETVPNRFSPDSPDKVHLNLHINSLELGDSAVYFCASSPTSGSVYEQYFGPGTRLTVT
ES556BM-19,TRAV12-1*01,CVVNGGDSSYKLIF,TRAJ12*01,TRBV2*03,CASSAATVAPSEQYF,TRBJ2-7*01,RKEVEQDPGPFNVPEGATVAFNCTYSNSASQSFFWYRQDCRKEPKLLMSVYSSGNEDGRFTAQLNRASQYISLLIRDSKLSDSATYLCVVNGGDSSYKLIFGSGTRLLVRP,EPEVTQTPSHQVTQMGQEVILRCVPISNHLYFYWYRQILGQKVEFLVSFYNNEISEKSEIFDDQFSVERPDGSNFTLKIRSTKLEDSAMYFCASSAATVAPSEQYFGPGTRLTVT
ES556BM-20,TRAV29/DV5*01,CAASAADDMRF,TRAJ43*01,TRBV4-2*01,CASSQTSAPYEQYF,TRBJ2-7*01,DQQVKQNSPSLSVQEGRISILNCDYTNSMFDYFLWYKKYPAEGPTFLISISSIKDKNEDGRFTVFLNKSAKHLSLHIVPSQPGDSAVYFCAASAADDMRFGAGTRLTVKP,ETGVTQTPRHLVMGMTNKKSLKCEQHLGHNAMYWYKQSAKKPLELMFVYNFKEQTENNSVPSRFSPECPNSSHLFLHLHTLQPEDSALYLCASSQTSAPYEQYFGPGTRLTVT
ES556BM-21,TRAV12-2*03,CAANNARLMF,TRAJ31*01,TRBV29-1*02,CSVPDRGDINEQFF,TRBJ2-1*01,GPLSVPEGAIASLNCTYSDRVSQSFFWYRQYSGKSPELIMSIYSNGDKEDGRFTAQLNKASQYVSLLIRDSQPSDSATYLCAVNNARLMFGDGTQLVVKP,SAVISQKPSRDICQRGTSLTIQCQVDSQVTMMFWYRQQPGQSLTLIATANQGSEATYESGFVIDKFPISRPNLTFSSLTVSNMSPEDSSIYLCSVPDRGDINEQFFGPGTRLTVL
ES556BM-22,TRAV29/DV5*01,CAAGGSQGNLIF,TRAJ42*01,TRBV27*01,CASSLTGTFVGYTF,TRBJ1-2*01,DQQVKQNSPSLSVQEGRISILNCDYTNSMFDYFLWYKKYPAEGPTFLISISSIKDKNEDGRFTVFLNKSAKHLSLHIVPSQPGDSAVYFCAAGGSQGNLIFGKGTKLSVKP,EAQVTQNPRYLITVTGKKLTVTCSQNMNHEYMSWYRQDPGLGLRQIYYSMNVEVTDKGDVPEGYKVSRKEKRNFPLILESPSPNQTSLYFCASSLTGTFVGYTFGSGTRLTVV
ES556BM-23,TRAV1-2*01,CAVTPRKGRLMF,TRAJ31*01,TRBV18*01,CASSPRDPPSEQYF,TRBJ2-7*01,GQNIDQPTEMTATEGAIVQINCTYQTSGFNGLFWYQQHAGEAPTFLSYNVLDGLEEKGRFSSFLSRSKGYSYLLLKELQMKDSASYLCAVTPRKGRLMFGDGTQLVVKP,NAGVMQNPRHLVRRRGQEARLRCSPMKGHSHVYWYRQLPEEGLKFMVYLQKENIIDESGMPKERFSAEFPKEGPSILRIQQVVRGDSAAYFCASSPRDPPSEQYFGPGTRLTVT
ES556BM-24,TRAV12-1*01,CVVNGRDSSYKLIF,TRAJ12*01,TRBV2*03,CASSSSTVAPGELFF,TRBJ2-2*01,RKEVEQDPGPFNVPEGATVAFNCTYSNSASQSFFWYRQDCRKEPKLLMSVYSSGNEDGRFTAQLNRASQYISLLIRDSKLSDSATYLCVVNGRDSSYKLIFGSGTRLLVRP,EPEVTQTPSHQVTQMGQEVILRCVPISNHLYFYWYRQILGQKVEFLVSFYNNEISEKSEIFDDQFSVERPDGSNFTLKIRSTKLEDSAMYFCASSSSTVAPGELFFGEGSRLTVL
D044BM-01,TRAV29/DV5*01,CVYRNNNARLMF,TRAJ31*01,TRBV28*01,CASSLSGSYEQYF,TRBJ2-7*01,DQQVKQNSPSLSVQEGRISILNCDYTNSMFDYFLWYKKYPAEGPTFLISISSIKDKNEDGRFTVFLNKSAKHLSLHIVPSQPGDSAVYFCAYRNNNARLMFGDGTQLVVKP,DVKVTQSSRYLVKRTGEKVFLECVQDMDHENMFWYRQDPGLGLRLIYFSYDVKMKEKGDIPEGYSVSREKKERFSLILESASTNQTSMYLCASSLSGSYEQYFGPGTRLTVT
D044BM-02,TRAV16*01,CALPMNRDDKIIF,TRAJ30*01,TRBV20/OR9-2*03,CSARDRTGNGYTF,TRBJ1-2*01,AQRVTQPEKLLSVFKGAPVELKCNYSYSGSPELFWYVQYSRQRLQLLLRHISRESIKGFTADLNKGETSFHLKKPFAQEEDSAMYYCALPMNRDDKIIFGKGTRLHILP,SAVVSQHPSRVICKSGTSVNIECRSLDFQATTMFWYRQLRKQSLMLMAASNEGSEVTYEQGVKKDKFPINHPNLTFSALTVTSAHPEDSSFYICSARDRTGNGYTFGSGTRLTVV
D044BM-03,TRAV12-1*01,CVVNGGDSSYKLIF,TRAJ12*01,TRBV2*03,CASSDGGVAPGEQFF,TRBJ2-1*01,RKEVEQDPGPFNVPEGATVAFNCTYSNSASQSFFWYRQDCRKEPKLLMSVYSSGNEDGRFTAQLNRASQYISLLIRDSKLSDSATYLCVVNGGDSSYKLIFGSGTRLLVRP,EPEVTQTPSHQVTQMGQEVILRCVPISNHLYFYWYRQILGQKVEFLVSFYNNEISEKSEIFDDQFSVERPDGSNFTLKIRSTKLEDSAMYFCASSDGGVAPGEQFFGPGTRLTVL
D044BM-04,TRAV12-2*03,CAVNGRYSTLTF,TRAJ11*01,TRBV29-1*02,CSVVYGTELYEQYF,TRBJ2-7*01,GPLSVPEGAIASLNCTYSDRVSQSFFWYRQYSGKSPELIMSIYSNGDKEDGRFTAQLNKASQYVSLLIRDSQPSDSATYLCAVNGRYSTLTFGKGTMLLVSP,SAVISQKPSRDICQRGTSLTIQCQVDSQVTMMFWYRQQPGQSLTLIATANQGSEATYESGFVIDKFPISRPNLTFSSLTVSNMSPEDSSIYLCSVVYGTELYEQYFGPGTRLTVT
D044BM-05,TRAV29/DV5*01,CAASAPSGNTPLVF,TRAJ29*01,TRBV7-2*04,CASSPPGVFGNTIYF,TRBJ1-3*01,DQQVKQNSPSLSVQEGRISILNCDYTNSMFDYFLWYKKYPAEGPTFLISISSIKDKNEDGRFTVFLNKSAKHLSLHIVPSQPGDSAVYFCAASAPSGNTPLVFGKGTRLSVIA,GAGVSQSPSNKVTEKGKDVELRCDPISGHTALYWYRQSLGQGLEFLIYFQGNSAPDKSGLPSDRFSAERTGGSVSTLTIQRTQQEDSAVYLCASSPPGVFGNTIYFGEGSWLTVV
D044BM-06,TRAV12-1*01,CVVNGGDSSYKLIF,TRAJ12*01,TRBV2*03,CASSDGGVAPGEQFF,TRBJ2-1*01,RKEVEQDPGPFNVPEGATVAFNCTYSNSASQSFFWYRQDCRKEPKLLMSVYSSGNEDGRFTAQLNRASQYISLLIRDSKLSDSATYLCVVNGGDSSYKLIFGSGTRLLVRP,EPEVTQTPSHQVTQMGQEVILRCVPISNHLYFYWYRQILGQKVEFLVSFYNNEISEKSEIFDDQFSVERPDGSNFTLKIRSTKLEDSAMYFCASSDGGVAPGEQFFGPGTRLTVL
D044BM-07,TRAV12-1*01,CVVNGRDSSYKLIF,TRAJ12*01,TRBV2*03,CAGLPGEVVPGELFF,TRBJ2-2*01,RKEVEQDPGPFNVPEGATVAFNCTYSNSASQSFFWYRQDCRKEPKLLMSVYSSGNEDGRFTAQLNRASQYISLLIRDSKLSDSATYLCVVNGRDSSYKLIFGSGTRLLVRP,EPEVTQTPSHQVTQMGQEVILRCVPISNHLYFYWYRQILGQKVEFLVSFYNNEISEKSEIFDDQFSVERPDGSNFTLKIRSTKLEDSAMYFCASSPGEVVPGELFFGEGSRLTVL
D044BM-08,TRAV8-3*01,CAVVGTGNQFYF,TRAJ49*01,TRBV28*01,CASSLRVSRGAYEQYV,TRBJ2-7*02,AQSVTQPDIHITVSEGASLELRCNYSYGATPYLFWYVQSPGQGLQLLLKYFSGDTLVQGIKGFEAEFKRSQSSFNLRKPSVHWSDAAEYFCAVVGTGNQFYFGTGTSLTVIP,DVKVTQSSRYLVKRTGEKVFLECVQDMDHENMFWYRQDPGLGLRLIYFSYDVKMKEKGDIPEGYSVSREKKERFSLILESASTNQTSMYLCASSLRVSRGAYEQYVGPGTRLTVT
D044BM-09,TRAV5*01,CAEPRDSNYQLIW,TRAJ33*01,TRBV27*01,CASIGSGYPYNEQFF,TRBJ2-1*01,GEDVEQSLFLSVREGDSSVINCTYTDSSSTYLYWYKQEPGAGLQLLTYIFSNMDMKQDQRLTVLLNKKDKHLSLRIADTQTGDSAIYFCAEPRDSNYQLIWGAGTKLIIKP,EAQVTQNPRYLITVTGKKLTVTCSQNMNHEYMSWYRQDPGLGLRQIYYSMNVEVTDKGDVPEGYKVSRKEKRNFPLILESPSPNQTSLYFCASIGSGYPYNEQFFGPGTRLTVL
D044BM-10,TRAV25*01,CAGYNAGGTSYGKLTF,TRAJ52*01,TRBV9*01,CASSVGLHDGVEQFF,TRBJ2-1*01,GQQVMQIPQYQHVQEGEDFTTYCNSSTTLSNIQWYKQRPGGHPVFLIQLVKSGEVKKQKRLTFQFGEAKKNSSLHITATQTTDVGTYFCAGYNAGGTSYGKLTFGQGTILTVHP,DSGVTQTPKHLITATGQRVTLRCSPRSGDLSVYWYQQSLDQGLQFLIQYYNGEERAKGNILERFSAQQFPDLHSELNLSSLELGDSALYFCASSVGLHDGVEQFFGPGTRLTVL
D044BM-11,TRAV8-3*01,CAVVGTGNQFYF,TRAJ49*01,TRBV28*01,CASSIRVSRGAYEQYV,TRBJ2-7*02,AQSVTQPDIHITVSEGASLELRCNYSYGATPYLFWYVQSPGQGLQLLLKYFSGDTLVQGIKGFEAEFKRSQSSFNLRKPSVHWSDAAEYFCAVVGTGNQFYFGTGTSLTVIP,DVKVTQSSRYLVKRTGEKVFLECVQDMDHENMFWYRQDPGLGLRLIYFSYDVKMKEKGDIPEGYSVSREKKERFSLILESASTNQTSMYLCASSLRVSRGAYEQYVGPGTRLTVT
D044BM-12,TRAV29/DV5*01,CVYRNSNARLMW,TRAJ31*01,TRBV27*01,CASIGSGYPYNEQFF,TRBJ2-1*01,DQQVKQNSPSLSVQEGRISILNCDYTNSMFDYFLWYKKYPAEGPTFLISISSIKDKNEDGRFTVFLNKSAKHLSLHIVPSQPGDSAVYFCVYRNSNARLMWFGDGTQLVVKP,EAQVTQNPRYLITVTGKKLTVTCSQNMNHEYMSWYRQDPGLGLRQIYYSMNVEVTDKGDVPEGYKVSRKEKRNFPLILESPSPNQTSLYFCASIGSGYPYNEQFFGPGTRLTVL
ES556BR-01,TRAV8-1*01,CAVKDTDKLIF,TRAJ34*01,TRBV4-2*01,CASSPLAGDTQYF,TRBJ2-3*01,AQSVSQHNHHVILSEAASLELGCNYSYGGTVNLFWYVQYPGQHLQLLLKYFSGDPLVKGIKGFEAEFIKSKFSFNLRKPSVQWSDTAEYFCAVKDTDKLIFGTGTRLQVFP,ETGVTQTPRHLVMGMTNKKSLKCEQHLGHNAMYWYKQSAKKPLELMFVYNFKEQTENNSVPSRFSPECPNSSHLFLHLHTLQPEDSALYLCASSPLAGDTQYFGPGTRLTVL
ES556BR-02,TRAV12-2*03,CAAPYNFNKFYF,TRAJ21*01,TRBV12-4*01,CASSLVGVNEQYF,TRBJ2-7*01,GPLSVPEGAIASLNCTYSDRVSQSFFWYRQYSGKSPELIMSIYSNGDKEDGRFTAQLNKASQYVSLLIRDSQPSDSATYLCAVPYNFNKFYFGSGTKLNVKP,DAGVIQSPRHEVTEMGQEVTLRCKPISGHDYLFWYRQTMMRGLELLIYFNNNVPIDDSGMPEDRFSAKMPNASFSTLKIQPSEPRDSAVYFCASSLVGVNEQYFGPGTRLTVT
ES556BR-03,TRAV20*01,CAVRGYNAGNMFTF,TRAJ39*01,TRBV5-4*01,CASSFENEETQYF,TRBJ2-5*01,EDQVTQSPEALRLQEGESSSLNCSYTVSGLRGLFWYRQDPGKGPEFLFTLYSAGEEKEKERLKATLTKKESFLHITAPKPEDSATYLCAVQGYNAGNMFTFGGGTRLMVKP,ETGVTQSPTHLIKTRGQQVTLRCSSQSGHNTVSWYQQALGQGPQFIFQYYREEENGRGNFPPRFSGLQFPNYSSELNVNALELDDSALYLCASSLENEETQYFGPGTRLLVL
ES556BR-04,TRAV25*01,CAGSSNDYKLSF,TRAJ20*01,TRBV20-1*07,CSARGTMFYEQYF,TRBJ2-7*01,GQQVMQIPQYQHVQEGEDFTTYCNSSTTLSNIQWYKQRPGGHPVFLIQLVKSGEVKKQKRLTFQFGEAKKNSSLHITATQTTDVGTYFCAGSSNDYKLSFGAGTTVTVRA,GAVVSQHPSRVICKSGTSVKIECRSLDFQATTMFWYRQFPKKSLMQIATSNEGSKATYEQGVEKDKFLINHASLTLSTLTVTSAHPEDSSFYICSARGTMFYEQYFGPGTRLTVT
ES556BR-05,TRAV25*01,CAGSSNDYKLSF,TRAJ20*01,TRBV20/OR9-2*03,CSARGTEFYEQYF,TRBJ2-7*01,GQQVMQIPQYQHVQEGEDFTTYCNSSTTLSNIQWYKQRPGGHPVFLIQLVKSGEVKKQKRLTFQFGEAKKNSSLHITATQTTDVGTYFCAGSSNDYKLSFGAGTTVTVRA,SAVVSQHPSRVICKSGTSVNIECRSLDFQATTMFWYRQLRKQSLMLMAASNEGSEVTYEQGVKKDKFPINHPNLTFSALTVTSAHPEDSSFYICSARGTEFYEQYFGPGTRLTVT
ES556BR-06,TRAV13-1*01,CAASNSGTYKYIF,TRAJ40*01,TRBV9*01,CASSVGANNSPLHF,TRBJ1-6*01,GENVEQHPSTLSVQEGDSAVIKCTYSDSASNYFPWYKQELGKGPQLIIDIRSNVGEKKDQRIAVTLNKTAKHFSLHITETQPEDSAVYFCAASNSGTYKYIFGTGTRLKVLA,DSGVTQTPKHLITATGQRVTLRCSPRSGDLSVYWYQQSLDQGLQFLIQYYNGEERAKGNILERFSAQQFPDLHSELNLSSLELGDSALYFCASSVGANNSPLHFGNGTRLTVT
ES556BR-07,TRAV22*01,CSVERGSGTYKYIF,TRAJ40*01,TRBV25-1*01,CASWGSLEGHEQYF,TRBJ2-7*01,GIQVEQSPPDLILQEGANSTLRCNFSDSVNNLQWFHQNPWGQLINLFYIPSGTKQNGRLSATTVATERYSLLYISSSQTTDSGVYFCAVERGSGTYKYIFGTGTRLKVLA,EADIYQTPRYLVIGTGKKITLECSQTMGHDKMYWYQQDPGMELHLIHYSYGVNSTEKGDLSSESTVSRIRTEHFPLTLESARPSHTSQYLCASWGSLEGHEQYFGPGTRLTVT
ES556BR-08,TRAV8-1*01,CAVNAGQAGTALIF,TRAJ15*01,TRBV24/OR9-2*01,CATSDFLNNEQFF,TRBJ2-1*01,AQSVSQHNHHVILSEAASLELGCNYSYGGTVNLFWYVQYPGQHLQLLLKYFSGDPLVKGIKGFEAEFIKSKFSFNLRKPSVQWSDTAEYFCAVNAGQAGTALIFGKGTTLSVSS,DADVTQTPRNRITKTGKRIMLECSQTKGHDRMYWYRQDPGLGLQLIYYSFDVKDINKGEISDGYSVSRQAQAKFSLSLESAIPNQTALYFCATSDFLNNEQFFGPGTRLTVL
ES556BR-09,TRAV13-1*02,CAALLGAGSYQLTF,TRAJ28*01,TRBV7-3*01,CASSWTATYEQYF,TRBJ2-7*01,GENVEQHPSTLSVQEGDSAVIKCTYSDSASNYFPWYKQELGKRPQLIIDIRSNVGEKKDQRIAVTLNKTAKHFSLHITETQPEDSAVYFCAALLGAGSYQLTFGKGTKLSVIP,GAGVSQTPSNKVTEKGKYVELRCDPISGHTALYWYRQSLGQGPEFLIYFQGTGAADDSGLPNDRFFAVRPEGSVSTLKIQRTERGDSAVYLCASSLTATYEQYFGPGTRLTVT
ES556BR-10,TRAV20*01,CAVRGYNAGNMLTF,TRAJ39*01,TRBV5-4*01,CASSFENEETQYF,TRBJ2-5*01,EDQVTQSPEALRLQEGESSSLNCSYTVSGLRGLFWYRQDPGKGPEFLFTLYSAGEEKEKERLKATLTKKESFLHITAPKPEDSATYLCAVQGYNAGNMLTFGGGTRLMVKP,ETGVTQSPTHLIKTRGQQVTLRCSSQSGHNTVSWYQQALGQGPQFIFQYYREEENGRGNFPPRFSGLQFPNYSSELNVNALELDDSALYLCASSLENEETQYFGPGTRLLVL
ES556BR-11,TRAV8-1*01,CAVNNAGKSTF,TRAJ27*01,TRBV3-2*02,CASSQEPASGETQYF,TRBJ2-5*01,AQSVSQHNHHVILSEAASLELGCNYSYGGTVNLFWYVQYPGQHLQLLLKYFSGDPLVKGIKGFEAEFIKSKFSFNLRKPSVQWSDTAEYFCAVNNAGKSTFGDGTTLTVKP,DTAVSQTPKYLVTQMGKKESLKEQNLGHNAMYWYKQDSKKFLKTMFIYSNKEPILNETVPNRFSPDSPDKVHLNLHINSLELGDSAVYFCASSQEPASGETQYFGPGTRLLVL
ES556BR-12,TRAV22*01,CVVQFYF,TRAJ49*01,TRBV20-1*07,CSATRPTNYGYTF,TRBJ1-2*01,GIQVEQSPPDLILQEGANSTLRCNFSDSVNNLQWFHQNPWGQLINLFYIPSGTKQNGRLSATTVATERYSLLYISSSQTTDSGVYFCAVECVVQFYFGTGTSLTVIP,GAVVSQHPSRVICKSGTSVKIECRSLDFQATTMFWYRQFPKKSLMQIATSNEGSKATYEQGVEKDKFLINHASLTLSTLTVTSAHPEDSSFYICSATRPTNYGYTFGSGTRLTVV
ES556BR-13,TRAV12-3*02,CAMNNFNKFYF,TRAJ21*01,TRBV20-1*01,CSARADSGQELFF,TRBJ2-2*01,QKEVEQDPGPLSVPEGAIVSLNCTYSNSAFQYFMWYRQYSRIGPELLMYTYSSGNKEDGRFTAQVDKSSKYISLFIRDSQPSDSATYLCAMNNFNKFYFGSGTKLNVKP,GAVVSQHPSWVICKSGTSVKIECRSLDFQATTMFWYRQFPKQSLMLMATSNEGSKATYEQGVEKDKFLINHASLTLSTLTVTSAHPEDSSFYICSARADSGQELFFGEGSRLTVL
ES556BR-14,TRAV8-1*01,CAVGDGGFKTIF,TRAJ9*01,TRBV28*01,CASRRIAGGAETQYF,TRBJ2-5*01,AQSVSQHNHHVILSEAASLELGCNYSYGGTVNLFWYVQYPGQHLQLLLKYFSGDPLVKGIKGFEAEFIKSKFSFNLRKPSVQWSDTAEYFCAVGDGGFKTIFGAGTRLFVKA,DVKVTQSSRYLVKRTGEKVFLECVQDMDHENMFWYRQDPGLGLRLIYFSYDVKMKEKGDIPEGYSVSREKKERFSLILESASTNQTSMYLCASSRIAGGAETQYFGPGTRLLVL
ES556BR-15,TRAV20*01,CAVRGYNAANMFTF,TRAJ39*01,TRBV5-4*01,CASSFENEETQYF,TRBJ2-5*01,EDQVTQSPEALRLQEGESSSLNCSYTVSGLRGLFWYRQDPGKGPEFLFTLYSAGEEKEKERLKATLTKKESFLHITAPKPEDSATYLCAVQGYNAANMFTFGGGTRLMVKP,ETGVTQSPTHLIKTRGQQVTLRCSSQSGHNTVSWYQQALGQGPQFIFQYYREEENGRGNFPPRFSGLQFPNYSSELNVNALELDDSALYLCASSLENEETQYFGPGTRLLVL
D035BR-01,TRAV8-1*01,CAVKDTDKLIF,TRAJ34*01,TRBV20-1*07,CSANDRAYNEQFF,TRBJ2-1*01,AQSVSQHNHHVILSEAASLELGCNYSYGGTVNLFWYVQYPGQHLQLLLKYFSGDPLVKGIKGFEAEFIKSKFSFNLRKPSVQWSDTAEYFCAVKDTDKLIFGTGTRLQVFP,GAVVSQHPSRVICKSGTSVKIECRSLDFQATTMFWYRQFPKKSLMQIATSNEGSKATYEQGVEKDKFLINHASLTLSTLTVTSAHPEDSSFYICSANDRAYNEQFFGPGTRLTVL
D035BR-02,TRAV17*01,CATDNNNDMRF,TRAJ43*01,TRBV10-3*02,CAISPTGFADTQYF,TRBJ2-3*01,SQQGEEDPQALSIQEGENATMNCSYKTSINNLQWYRQNSGRGLVHLILIRSNEREKHSGRLRVTLDTSKKSSSLLITASRAADTASYFCATDNNNDMRFGAGTRLTVKP,DAGITQSPRHKVTETGTPVTLRCHQTENHRYMYWYRQDPGHGLRLIHYSYGVKDTDKGEVSDGYSVSRSKTEDFLLTLESATSSQTSVYFCAISPTGFADTQYFGPGTRLTVL
D035BR-03,TRAV8-1*01,CAVKDTDKLIF,TRAJ34*01,TRBV24/OR9-2*01,CATSDFLAAEDTQYF,TRBJ2-3*01,AQSVSQHNHHVILSEAASLELGCNYSYGGTVNLFWYVQYPGQHLQLLLKYFSGDPLVKGIKGFEAEFIKSKFSFNLRKPSVQWSDTAEYFCAVKDTDKLIFGTGTRLQVFP,DADVTQTPRNRITKTGKRIMLECSQTKGHDRMYWYRQDPGLGLQLIYYSFDVKDINKGEISDGYSVSRQAQAKFSLSLESAIPNQTALYFCATSDFLAAEDTQYFGPGTRLTVL
D035BR-04,TRAV8-1*01,CAVKDTDKFIF,TRAJ34*01,TRBV6-5*01,CASSSLLRGVQFF,TRBJ2-1*01,AQSVSQHNHHVILSEAASLELGCNYSYGGTVNLFWYVQYPGQHLQLLLKYFSGDPLVKGIKGFEAEFIKSKFSFNLRKPSVQWSDTAEYFCAVKDTDKFIFGTGTRLQVFP,NAGVTQTPKFQVLKTGQSMTLQCAQDMNHEYMSWYRQDPGMGLRLIHYSVGAGITDQGEVPNGYNVSRSTTEDFPLRLLSAAPSQTSVYFCASSSLLRGVQFFGPGTRLTVL
ES179M1BR-01,TRAV8-1*01,CAGNNNARLTF,TRAJ31*01,TRBV3-2*03,CASSQALTDYGYTF,TRBJ1-2*01,AQSVSQHNHHVILSEAASLELGCNYSYGGTVNLFWYVQYPGQHLQLLLKYFSGDPLVKGIKGFEAEFIKSKFSFNLRKPSVQWSDTAEYFCAVNNNARLTFGDGTQLVVKP,DTAVSQTPKYLVTQTGKKESLKEQNLGHNAMYWYKQDSKKFLKTMFIYSNKEPILNETVPNRFSPDSPDKVHLNLHINSLELGDSAVYFCASSQALTDYGYTFGSGTRLTVV
ES179M1BR-02,TRAV12-3*02,CASLNTDKLIF,TRAJ34*01,TRBV3-2*02,CASSQDLSDQETQYF,TRBJ2-5*01,QKEVEQDPGPLSVPEGAIVSLNCTYSNSAFQYFMWYRQYSRIGPELLMYTYSSGNKEDGRFTAQVDKSSKYISLFIRDSQPSDSATYLCAMSNTDKLIFGTGTRLQVFP,DTAVSQTPKYLVTQMGKKESLKEQNLGHNAMYWYKQDSKKFLKTMFIYSNKEPILNETVPNRFSPDSPDKVHLNLHINSLELGDSAVYFCASSQDLSDQETQYFGPGTRLLVL
ES179M1BR-03,TRAV14/DV4*01,CAMREGLGNFNKFYF,TRAJ21*01,TRBV13*02,CASSGPGLAGALAKNIQYF,TRBJ2-4*01,AQKITQTQPGMFVQEKEAVTLDCTYDTSDPSYGLFWYKQPSSGEMIFLIYQGSYDQQNATEGRYSLNFQKARKSANLVISASQLGDSAMYFCAMREGLGNFNKFYFGSGTKLNVKP,AAGVIQSPRHLIREKRETATLKCYPIPRHDTVYWYQQGPGQDPQFFISFYEKMQSDKGSIPDRFSAQQFSDYHSELNMSSLELGDSALYFCASSGPGLAGALAKNIQYFGAGTRLSVL
ES179M1BR-04,TRAV8-1*01,CAVKDTDKLIF,TRAJ34*01,TRBV28*01,CASSPYSYGYTF,TRBJ1-2*01,AQSVSQHNHHVILSEAASLELGCNYSYGGTVNLFWYVQYPGQHLQLLLKYFSGDPLVKGIKGFEAEFIKSKFSFNLRKPSVQWSDTAEYFCAVKDTDKLIFGTGTRLQVFP,DVKVTQSSRYLVKRTGEKVFLECVQDMDHENMFWYRQDPGLGLRLIYFSYDVKMKEKGDIPEGYSVSREKKERFSLILESASTNQTSMYLCASSPYSYGYTFGSGTRLTVV
ES179M1BR-05,TRAV8-1*01,CAVNNNARLMF,TRAJ31*01,TRBV3-2*03,CASSQALTDYGYTF,TRBJ1-2*01,AQSVSQHNHHVILSEAASLELGCNYSYGGTVNLFWYVQYPGQHLQLLLKYFSGDPLVKGIKGFEAEFIKSKFSFNLRKPSVQWSDTAEYFCAVNNNARLMFGDGTQLVVKP,DTAVSQTPKYLVTQTGKKESLKEQNLGHNAMYWYKQDSKKFLKTMFIYSNKEPILNETVPNRFSPDSPDKVHLNLHINSLELGDSAVYFCASSQALTDYGYTFGSGTRLTVV
ES179M1BR-06,TRAV16*01,CALKDTDKLIF,TRAJ34*01,TRBV25-1*01,CASSEWFSYNEQFF,TRBJ2-1*01,AQRVTQPEKLLSVFKGAPVELKCNYSYSGSPELFWYVQYSRQRLQLLLRHISRESIKGFTADLNKGETSFHLKKPFAQEEDSAMYYCALKDTDKLIFGTGTRLQVFP,EADIYQTPRYLVIGTGKKITLECSQTMGHDKMYWYQQDPGMELHLIHYSYGVNSTEKGDLSSESTVSRIRTEHFPLTLESARPSHTSQYLCASSEWFSYNEQFFGPGTRLTVL
ES179M1BR-07,TRAV8-1*01,CAVGYGGATNKLIF,TRAJ32*02,TRBV28*01,CASSLRGAGSNQPQHF,TRBJ1-5*01,AQSVSQHNHHVILSEAASLELGCNYSYGGTVNLFWYVQYPGQHLQLLLKYFSGDPLVKGIKGFEAEFIKSKFSFNLRKPSVQWSDTAEYFCAVGYGGATNKLIFGTGTLLAVQP,DVKVTQSSRYLVKRTGEKVFLECVQDMDHENMFWYRQDPGLGLRLIYFSYDVKMKEKGDIPEGYSVSREKKERFSLILESASTNQTSMYLCASSLRGAGSNQPQHFGDGTRLSIL
ES179M1BR-08,TRAV27*01,CAVGYGNKLVF,TRAJ47*01,TRBV6-3*01,CASSFPNEQFF,TRBJ2-1*01,TQLLEQSPQFLSIQEGENLTVYCNSSSVFSSLQWYRQEPGEGPVLLVTVVTGGEVKKLKRLTFQFGDARKDSSLHITAAQPGDTGLYLCAVGYGNKLVFGAGTILRVKS,NAGVTQTPKFRVLKTGQSMTLLCAQDMNHEYMYWYRQDPGMGLRLIHYSVGEGTTAKGEVPDGYNVSRLKKQNFLLGLESAAPSQTSVYFCASSFPNEQFFGPGTRLTVL
ES179M1BR-09,TRAV8-1*01,CAVIGFGNVLHC,TRAJ35*01,TRBV7-9*01,CASSPGQGWETQYF,TRBJ2-5*01,AQSVSQHNHHVILSEAASLELGCNYSYGGTVNLFWYVQYPGQHLQLLLKYFSGDPLVKGIKGFEAEFIKSKFSFNLRKPSVQWSDTAEYFCAVIGFGNVLHCGSGTQVIVLP,DTGVSQNPRHKITKRGQNVTFRCDPISEHNRLYWYRQTLGQGPEFLTYFQNEAQLEKSRLLSDRFSAERPKGSFSTLEIQRTEQGDSAMYLCASSLGQGWETQYFGPGTRLLVL
ES179M1BR-10,TRAV8-1*01,CAVKDTDKLIF,TRAJ34*01,TRBV19*01,CATSDYNEQFF,TRBJ2-1*01,AQSVSQHNHHVILSEAASLELGCNYSYGGTVNLFWYVQYPGQHLQLLLKYFSGDPLVKGIKGFEAEFIKSKFSFNLRKPSVQWSDTAEYFCAVKDTDKLIFGTGTRLQVFP,DGGITQSPKYLFRKEGQNVTLSCEQNLNHDAMYWYRQDPGQGLRLIYYSQIVNDFQKGDIAEGYSVSREKKESFPLTVTSAQKNPTAFYLCATSDYNEQFFGPGTRLTVL
ES179M1BR-11,TRAV8-1*01,CAGNNNARLMF,TRAJ31*01,TRBV3-2*03,CASSQALTDYGYTF,TRBJ1-2*01,AQSVSQHNHHVILSEAASLELGCNYSYGGTVNLFWYVQYPGQHLQLLLKYFSGDPLVKGIKGFEAEFIKSKFSFNLRKPSVQWSDTAEYFCAVNNNARLMFGDGTQLVVKP,DTAVSQTPKYLVTQTGKKESLKEQNLGHNAMYWYKQDSKKFLKTMFIYSNKEPILNETVPNRFSPDSPDKVHLNLHINSLELGDSAVYFCASSQALTDYGYTFGSGTRLTVV
ES179M1BR-12,TRAV12-2*03,CAVGWDQAGTALIF,TRAJ15*01,TRBV11-3*02,CASSPRMRDRGYNEQFF,TRBJ2-1*01,GPLSVPEGAIASLNCTYSDRVSQSFFWYRQYSGKSPELIMSIYSNGDKEDGRFTAQLNKASQYVSLLIRDSQPSDSATYLCAVGWDQAGTALIFGKGTTLSVSS,EAGVVQSPRYKIIEKKQPVAFWCNPISGHNTLYWYRQNLGQGPELLIRYENEEAVDDSQLPKDRFSAERLKGVDSTLKIQPAELGDSAVYLCASSPRMRDRGYNEQFFGPGTRLTVL
ES179M1BR-13,TRAV8-1*01,CAVKDTDKLIF,TRAJ34*01,TRBV24/OR9-2*01,CATSDFSSHTDTQYF,TRBJ2-3*01,AQSVSQHNHHVILSEAASLELGCNYSYGGTVNLFWYVQYPGQHLQLLLKYFSGDPLVKGIKGFEAEFIKSKFSFNLRKPSVQWSDTAEYFCAVKDTDKLIFGTGTRLQVFP,DADVTQTPRNRITKTGKRIMLECSQTKGHDRMYWYRQDPGLGLQLIYYSFDVKDINKGEISDGYSVSRQAQAKFSLSLESAIPNQTALYFCATSDFSSHTDTQYFGPGTRLTVL
ES179M1BR-14,TRAV16*01,CALGAWGGSARQLTF,TRAJ22*01,TRBV7-2*02,CASSSWLAGEGEQYF,TRBJ2-7*01,AQRVTQPEKLLSVFKGAPVELKCNYSYSGSPELFWYVQYSRQRLQLLLRHISRESIKGFTADLNKGETSFHLKKPFAQEEDSAMYYCALGAWGGSARQLTFGSGTQLTVLP,GAGVSQSPSNKVTEKGKDVELRCDPISGHTALYWYRQRLGQGLEFLIYFQGNSAPDKSGLPSDRFSAERTGESVSTLTIQRTQQEDSAVYLCASSSWLAGEGEQYFGPGTRLTVT
ES179M1BR-15,TRAV12-2*01,CAVNSLNRDDKIIF,TRAJ30*01,TRBV7-8*01,CASSLVGPNEQFF,TRBJ2-1*01,QKEVEQNSGPLSVPEGAIASLNCTYSDRGSQSFFWYRQYSGKSPELIMFIYSNGDKEDGRFTAQLNKASQYVSLLIRDSQPSDSATYLCAVNSLNRDDKIIFGKGTRLHILP,GAGVSQSPRYKVAKRGQDVALRCDPISGHVSLFWYQQALGQGPEFLTYFQNEAQLDKSGLPSDRFFAERPEGSVSTLKIQRTQQEDSAVYLCASSLVGPNEQFFGPGTRLTVL
ES179M1BR-16,TRAV12-2*03,CAVGNTNAGKSTF,TRAJ27*01,TRBV4-1*02,CASSPLGQGSAEAFF,TRBJ1-1*01,GPLSVPEGAIASLNCTYSDRVSQSFFWYRQYSGKSPELIMSIYSNGDKEDGRFTAQLNKASQYVSLLIRDSQPSDSATYLCAVGNTNAGKSTFGDGTTLTVKP,HLVMGMTNKKSLKCEQHMGHRAMYWYKQKAKKPPELMFVYSYEKLSINESVPSRFSPECPNSSLLNLHLHALQPEDSALYLCASSPLGQGSAEAFFGQGTRLTVV
ES179M1BR-17,TRAV1-2*01,CAVRRGSTLGRLYF,TRAJ18*01,TRBV2*03,CASSTPGGQGIRARDLGQFF,TRBJ2-1*01,GQNIDQPTEMTATEGAIVQINCTYQTSGFNGLFWYQQHAGEAPTFLSYNVLDGLEEKGRFSSFLSRSKGYSYLLLKELQMKDSASYLCAVRRGSTLGRLYFGRGTQLTVWP,EPEVTQTPSHQVTQMGQEVILRCVPISNHLYFYWYRQILGQKVEFLVSFYNNEISEKSEIFDDQFSVERPDGSNFTLKIRSTKLEDSAMYFCASSTPGGQGIRARDLGQFFGPGTRLTVL
ES556M1BR-01,TRAV38-2/DV8*01,CAYRRRGQKLLF,TRAJ16*01,TRBV9*01,CASSVNPLAGRDTQYF,TRBJ2-3*01,AQTVTQSQPEMSVQEAETVTLSCTYDTSESDYYLFWYKQPPSRQMILVIRQEAYKQQNATENRFSVNFQKAAKSFSLKISDSQLGDAAMYFCAYRRRGQKLLFARGTMLKVDL,DSGVTQTPKHLITATGQRVTLRCSPRSGDLSVYWYQQSLDQGLQFLIQYYNGEERAKGNILERFSAQQFPDLHSELNLSSLELGDSALYFCASSVNPLAGRDTQYFGPGTRLTVL
ES556M1BR-02,TRAV26-1*01,CIVRVRDNFNKFYF,TRAJ21*01,TRBV5-1*01,CASSFLSGLAGGTDTQYF,TRBJ2-3*01,DAKTTQPPSMDCAEGRAANLPCNHSTISGNEYVYWYRQIHSQGPQYIIHGLKNNETNEMASLIITEDRKSSTLILPHATLRDTAVYYCIVRVRDNFNKFYFGSGTKLNVKP,KAGVTQTPRYLIKTRGQQVTLSCSPISGHRSVSWYQQTPGQGLQFLFEYFSETQRNKGNFPGRFSGRQFSNSRSEMNVSTLELGDSALYLCASSFLSGLAGGTDTQYFGPGTRLTVL
ES556M1BR-03,TRAV12-2*03,CAANNARLMF,TRAJ31*01,TRBV29-1*02,CSVPDRGDINEQFF,TRBJ2-1*01,GPLSVPEGAIASLNCTYSDRVSQSFFWYRQYSGKSPELIMSIYSNGDKEDGRFTAQLNKASQYVSLLIRDSQPSDSATYLCAVNNARLMFGDGTQLVVKP,SAVISQKPSRDICQRGTSLTIQCQVDSQVTMMFWYRQQPGQSLTLIATANQGSEATYESGFVIDKFPISRPNLTFSSLTVSNMSPEDSSIYLCSVPDRGDINEQFFGPGTRLTVL
ES556M1BR-04,TRAV8-1*01,CAVNSGYALNF,TRAJ41*01,TRBV30*01,CAWSVPLGSNQPQHF,TRBJ1-5*01,AQSVSQHNHHVILSEAASLELGCNYSYGGTVNLFWYVQYPGQHLQLLLKYFSGDPLVKGIKGFEAEFIKSKFSFNLRKPSVQWSDTAEYFCAVNSGYALNFGKGTSLLVTP,SQTIHQWPATLVQPVGSPLSLECTVEGTSNPNLYWYRQAAGRGLQLLFYSVGIGQISSEVPQNLSASRPQDRQFILSSKKLLLSDSGFYLCAWSVPLGSNQPQHFGDGTRLSIL
ES556M1BR-05,TRAV13-1*01,CAASNSGTYKYIF,TRAJ40*01,TRBV9*01,CASSVGANNSPLHF,TRBJ1-6*01,GENVEQHPSTLSVQEGDSAVIKCTYSDSASNYFPWYKQELGKGPQLIIDIRSNVGEKKDQRIAVTLNKTAKHFSLHITETQPEDSAVYFCAASNSGTYKYIFGTGTRLKVLA,DSGVTQTPKHLITATGQRVTLRCSPRSGDLSVYWYQQSLDQGLQFLIQYYNGEERAKGNILERFSAQQFPDLHSELNLSSLELGDSALYFCASSVGANNSPLHFGNGTRLTVT
ES556M1BR-06,TRAV14/DV4*01,CAMREGLGNFNKFYF,TRAJ21*01,TRBV13*02,CANPRALNYGYTF,TRBJ1-2*01,AQKITQTQPGMFVQEKEAVTLDCTYDTSDPSYGLFWYKQPSSGEMIFLIYQGSYDQQNATEGRYSLNFQKARKSANLVISASQLGDSAMYFCAMREGLGNFNKFYFGSGTKLNVKP,AAGVIQSPRHLIREKRETATLKCYPIPRHDTVYWYQQGPGQDPQFFISFYEKMQSDKGSIPDRFSAQQFSDYHSELNMSSLELGDSALYFCASPRALNYGYTFGSGTRLTVV
ES556M1BR-07,TRAV25*01,CAGSSNDYKLSF,TRAJ20*01,TRBV20/OR9-2*03,CSARGTMFYEQYF,TRBJ2-7*01,GQQVMQIPQYQHVQEGEDFTTYCNSSTTLSNIQWYKQRPGGHPVFLIQLVKSGEVKKQKRLTFQFGEAKKNSSLHITATQTTDVGTYFCAGSSNDYKLSFGAGTTVTVRA,SAVVSQHPSRVICKSGTSVNIECRSLDFQATTMFWYRQLRKQSLMLMAASNEGSEVTYEQGVKKDKFPINHPNLTFSALTVTSAHPEDSSFYICSARGTMFYEQYFGPGTRLTVT
ES556M1BR-08,TRAV8-1*01,CAVRNTGKLIF,TRAJ37*02,TRBV6-6*03,CASSHSGPEQFF,TRBJ2-1*01,AQSVSQHNHHVILSEAASLELGCNYSYGGTVNLFWYVQYPGQHLQLLLKYFSGDPLVKGIKGFEAEFIKSKFSFNLRKPSVQWSDTAEYFCAVRNTGKLIFGQGTTLQVKP,NAGVTQTPKFRILKIGQSMTLQCAQDMNHNYMYWYRQDPGMGLKLIYYSVGAGITDKGEVPNGYNVSRSTTEDFPLRLELAAPSQTSVYFCASSHSGPEQFFGPGTRLTVL
ES556M1BR-09,TRAV8-1*01,CAVSDTDKLIF,TRAJ34*01,TRBV5-4*01,CASSSYGQGSANQPQHF,TRBJ1-5*01,AQSVSQHNHHVILSEAASLELGCNYSYGGTVNLFWYVQYPGQHLQLLLKYFSGDPLVKGIKGFEAEFIKSKFSFNLRKPSVQWSDTAEYFCAVSDTDKLIFGTGTRLQVFP,ETGVTQSPTHLIKTRGQQVTLRCSSQSGHNTVSWYQQALGQGPQFIFQYYREEENGRGNFPPRFSGLQFPNYSSELNVNALELDDSALYLCASSSYGQGSANQPQHFGDGTRLSIL
ES556M1BR-10,TRAV22*01,CVVQFYF,TRAJ49*01,TRBV20/OR9-2*03,CSATRPTNYGYTF,TRBJ1-2*01,GIQVEQSPPDLILQEGANSTLRCNFSDSVNNLQWFHQNPWGQLINLFYIPSGTKQNGRLSATTVATERYSLLYISSSQTTDSGVYFCAVECVVQFYFGTGTSLTVIP,SAVVSQHPSRVICKSGTSVNIECRSLDFQATTMFWYRQLRKQSLMLMAASNEGSEVTYEQGVKKDKFPINHPNLTFSALTVTSAHPEDSSFYICSATRPTNYGYTFGSGTRLTVV
ES556M1BR-11,TRAV19*01,CALTRRYDKIIF,TRAJ30*01,TRBV2*03,CASSVEASSSTDTQYF,TRBJ2-3*01,AQKVTQAQTEISVVEKEDVTLDCVYETRDTTYYLFWYKQPPSGELVFLIRRNSFDEQNEISGRYSWNFQKSTSSFNFTITASQVVDSAVYFCALSRRYDKIIFGKGTRLHILP,EPEVTQTPSHQVTQMGQEVILRCVPISNHLYFYWYRQILGQKVEFLVSFYNNEISEKSEIFDDQFSVERPDGSNFTLKIRSTKLEDSAMYFCASSVEASSSTDTQYFGPGTRLTVL
ES556M1BR-12,TRAV12-2*03,CAAPYNFNKFYF,TRAJ21*01,TRBV12-4*01,CASSLVGVNEQYF,TRBJ2-7*01,GPLSVPEGAIASLNCTYSDRVSQSFFWYRQYSGKSPELIMSIYSNGDKEDGRFTAQLNKASQYVSLLIRDSQPSDSATYLCAVPYNFNKFYFGSGTKLNVKP,DAGVIQSPRHEVTEMGQEVTLRCKPISGHDYLFWYRQTMMRGLELLIYFNNNVPIDDSGMPEDRFSAKMPNASFSTLKIQPSEPRDSAVYFCASSLVGVNEQYFGPGTRLTVT
ES556M1BR-13,TRAV22*01,CAVGYSSASKIIF,TRAJ3*01,TRBV27*01,CASSPRGTYNSPLHF,TRBJ1-6*01,GIQVEQSPPDLILQEGANSTLRCNFSDSVNNLQWFHQNPWGQLINLFYIPSGTKQNGRLSATTVATERYSLLYISSSQTTDSGVYFCAVGYSSASKIIFGSGTRLSIRP,EAQVTQNPRYLITVTGKKLTVTCSQNMNHEYMSWYRQDPGLGLRQIYYSMNVEVTDKGDVPEGYKVSRKEKRNFPLILESPSPNQTSLYFCASSPRGTYNSPLHFGNGTRLTVT
ES556M1BR-14,TRAV8-1*01,CAVNNAGKSTF,TRAJ27*01,TRBV3-2*02,CASSQEPASGETQYF,TRBJ2-5*01,AQSVSQHNHHVILSEAASLELGCNYSYGGTVNLFWYVQYPGQHLQLLLKYFSGDPLVKGIKGFEAEFIKSKFSFNLRKPSVQWSDTAEYFCAVNNAGKSTFGDGTTLTVKP,DTAVSQTPKYLVTQMGKKESLKEQNLGHNAMYWYKQDSKKFLKTMFIYSNKEPILNETVPNRFSPDSPDKVHLNLHINSLELGDSAVYFCASSQEPASGETQYFGPGTRLLVL
ES556M1BR-15,TRAV8-1*01,CAVGSQGNLIF,TRAJ42*01,TRBV6-5*01,CASSSILGSASTQYF,TRBJ2-5*01,AQSVSQHNHHVILSEAASLELGCNYSYGGTVNLFWYVQYPGQHLQLLLKYFSGDPLVKGIKGFEAEFIKSKFSFNLRKPSVQWSDTAEYFCAVGSQGNLIFGKGTKLSVKP,NAGVTQTPKFQVLKTGQSMTLQCAQDMNHEYMSWYRQDPGMGLRLIHYSVGAGITDQGEVPNGYNVSRSTTEDFPLRLLSAAPSQTSVYFCASSSILGSASTQYFGPGTRLLVL
ES556M1BR-16,TRAV8-1*01,CAVKDTDKLIF,TRAJ34*01,TRBV4-2*01,CASSPDYNEQFF,TRBJ2-1*01,AQSVSQHNHHVILSEAASLELGCNYSYGGTVNLFWYVQYPGQHLQLLLKYFSGDPLVKGIKGFEAEFIKSKFSFNLRKPSVQWSDTAEYFCAVKDTDKLIFGTGTRLQVFP,ETGVTQTPRHLVMGMTNKKSLKCEQHLGHNAMYWYKQSAKKPLELMFVYNFKEQTENNSVPSRFSPECPNSSHLFLHLHTLQPEDSALYLCASSPDYNEQFFGPGTRLTVL
ES556M1BR-17,TRAV8-1*01,CAVKDTDKLIF,TRAJ34*01,TRBV19*03,CASSGYNEQFF,TRBJ2-1*01,AQSVSQHNHHVILSEAASLELGCNYSYGGTVNLFWYVQYPGQHLQLLLKYFSGDPLVKGIKGFEAEFIKSKFSFNLRKPSVQWSDTAEYFCAVKDTDKLIFGTGTRLQVFP,DGGITQSPKYLFRKEGQNVTLSCEQNLNHDAMYWYRQDPGQGLRLIYYSHIVNDFQKGDIAEGYSVSREKKESFPLTVTSAQKNPTAFYLCASSGYNEQFFGPGTRLTVL
ES556M1BR-18,TRAV20*01,CAVRGYNAGNKFTF,TRAJ39*01,TRBV5-4*01,CASSFENEETQYF,TRBJ2-5*01,EDQVTQSPEALRLQEGESSSLNCSYTVSGLRGLFWYRQDPGKGPEFLFTLYSAGEEKEKERLKATLTKKESFLHITAPKPEDSATYLCAVRGYNAGNKFTFGGGTRLMVKP,ETGVTQSPTHLIKTRGQQVTLRCSSQSGHNTVSWYQQALGQGPQFIFQYYREEENGRGNFPPRFSGLQFPNYSSELNVNALELDDSALYLCASSLENEETQYFGPGTRLLVL
ES556M1BR-19,TRAV8-1*01,CAVKDTDKLIF,TRAJ34*01,TRBV24/OR9-2*01,CATSDLFGNEQFF,TRBJ2-1*01,AQSVSQHNHHVILSEAASLELGCNYSYGGTVNLFWYVQYPGQHLQLLLKYFSGDPLVKGIKGFEAEFIKSKFSFNLRKPSVQWSDTAEYFCAVKDTDKLIFGTGTRLQVFP,DADVTQTPRNRITKTGKRIMLECSQTKGHDRMYWYRQDPGLGLQLIYYSFDVKDINKGEISDGYSVSRQAQAKFSLSLESAIPNQTALYFCATSDLFGNEQFFGPGTRLTVL
ES556M1BR-20,TRAV8-1*01,CAVKDTDKLIF,TRAJ34*01,TRBV7-2*04,CASSPPGLQYGYTF,TRBJ1-2*01,AQSVSQHNHHVILSEAASLELGCNYSYGGTVNLFWYVQYPGQHLQLLLKYFSGDPLVKGIKGFEAEFIKSKFSFNLRKPSVQWSDTAEYFCAVKDTDKLIFGTGTRLQVFP,GAGVSQSPSNKVTEKGKDVELRCDPISGHTALYWYRQSLGQGLEFLIYFQGNSAPDKSGLPSDRFSAERTGGSVSTLTIQRTQQEDSAVYLCASSPPGLQYGYTFGSGTRLTVV
ES179M1+BR+01,TRAV1-1*01,CAVRDNDYKLSF,TRAJ20*01,TRBV5-1*01,CASSLAEQGYNEQFF,TRBJ2-1*01,GQSLEQPSEVTAVEGAIVQINCTYQTSGFYGLSWYQQHDGGAPTFLSYNALDGLEETGRFSSFLSRSDSYGYLLLQELQMKDSASYFCAVRDNDYKLSFGAGTTVTVRA,KAGVTQTPRYLIKTRGQQVTLSCSPISGHRSVSWYQQTPGQGLQFLFEYFSETQRNKGNFPGRFSGRQFSNSRSEMNVSTLELGDSALYLCASSLAEQGYNEQFFGPGTRLTVL
ES179M1+BR+02,TRAV25*01,CAGNYGGSQGNLIF,TRAJ42*01,TRBV19*02,CASSPRSTDTQYF,TRBJ2-3*01,GQQVMQIPQYQHVQEGEDFTTYCNSSTTLSNIQWYKQRPGGHPVFLIQLVKSGEVKKQKRLTFQFGEAKKNSSLHITATQTTDVGTYFCAGNYGGSQGNLIFGKGTKLSVKP,DGGITQSPKYLFRKEGQNVTLSCEQNLNHDAMYWYRQVPGQGLRLIYYSHIVNDFQKGDIAEGYSVSREKKESFPLTVTSAQKNPTAFYLCASSPRSTDTQYFGPGTRLTVL
ES179M1+BR+03,TRAV16*01,CALKDTDKLIF,TRAJ34*01,TRBV25-1*01,CASSEWFSYNEQFF,TRBJ2-1*01,AQRVTQPEKLLSVFKGAPVELKCNYSYSGSPELFWYVQYSRQRLQLLLRHISRESIKGFTADLNKGETSFHLKKPFAQEEDSAMYYCALKDTDKLIFGTGTRLQVFP,EADIYQTPRYLVIGTGKKITLECSQTMGHDKMYWYQQDPGMELHLIHYSYGVNSTEKGDLSSESTVSRIRTEHFPLTLESARPSHTSQYLCASSEWFSYNEQFFGPGTRLTVL
ES179M1+BR+04,TRAV35*01,CAGQSNDGGTSYGKLTF,TRAJ52*01,TRBV29-1*01,CSVEDGYEQYF,TRBJ2-7*01,GQQLNQSPQSMFIQEGEDVSMNCTSSSIFNTWLWYKQEPGEGPVLLIALYKAGELTSNGRLTAQFGITRKDSFLNISASIPSDVGIYFCAGQSNDGGTSYGKLTFGQGTILTVHP,SAVISQKPSRDICQRGTSLTIQCQVDSQVTMMFWYRQQPGQSLTLIATANQGSEATYESGFVIDKFPISRPNLTFSTLTVSNMSPEDSSIYLCSVEDGYEQYFGPGTRLTVT
ES179M1+BR+05,TRAV8-2*01,CVVSDFGSNSGYALNF,TRAJ41*01,TRBV19*02,CASSMMTIGDSPLHF,TRBJ1-6*01,AQSVTQLDSHVSVSEGTPVLLRCNYSSSYSPSLFWYVQHPNKGLQLLLKYTSAATLVKGINGFEAEFKKSETSFHLTKPSAHMSDAAEYFCVVSDFGSNSGYALNFGKGTSLLVTP,DGGITQSPKYLFRKEGQNVTLSCEQNLNHDAMYWYRQVPGQGLRLIYYSHIVNDFQKGDIAEGYSVSREKKESFPLTVTSAQKNPTAFYLCASSMMTIGDSPLHFGNGTRLTVT
ES179M1+BR+06,TRAV8-2*01,CVVSRDSGGYQKVTF,TRAJ13*01,TRBV20/OR9-2*03,CSARGTSEYEQYF,TRBJ2-7*01,AQSVTQLDSHVSVSEGTPVLLRCNYSSSYSPSLFWYVQHPNKGLQLLLKYTSAATLVKGINGFEAEFKKSETSFHLTKPSAHMSDAAEYFCVVSRDSGGYQKVTFGIGTKLQVIP,SAVVSQHPSRVICKSGTSVNIECRSLDFQATTMFWYRQLRKQSLMLMAASNEGSEVTYEQGVKKDKFPINHPNLTFSALTVTSAHPEDSSFYICSARGTSEYEQYFGPGTRLTVT
ES179M1+BR+07,TRAV1-1*01,CAVRDNDYKLSF,TRAJ20*01,TRBV5-1*01,CASSLAEQGFGEQYF,TRBJ2-7*01,GQSLEQPSEVTAVEGAIVQINCTYQTSGFYGLSWYQQHDGGAPTFLSYNALDGLEETGRFSSFLSRSDSYGYLLLQELQMKDSASYFCAVRDNDYKLSFGAGTTVTVRA,KAGVTQTPRYLIKTRGQQVTLSCSPISGHRSVSWYQQTPGQGLQFLFEYFSETQRNKGNFPGRFSGRQFSNSRSEMNVSTLELGDSALYLCASSLAEQGFGEQYFGPGTRLTVT
ES179M1+BR+08,TRAV12-2*03,CAVGWDQAGTALIF,TRAJ15*01,TRBV11-3*02,CASSPRMRDRGYNEQFF,TRBJ2-1*01,GPLSVPEGAIASLNCTYSDRVSQSFFWYRQYSGKSPELIMSIYSNGDKEDGRFTAQLNKASQYVSLLIRDSQPSDSATYLCAVGWDQAGTALIFGKGTTLSVSS,EAGVVQSPRYKIIEKKQPVAFWCNPISGHNTLYWYRQNLGQGPELLIRYENEEAVDDSQLPKDRFSAERLKGVDSTLKIQPAELGDSAVYLCASSPRMRDRGYNEQFFGPGTRLTVL
ES179M1+BR+09,TRAV20*01,CAVQPPNFGNEKLTF,TRAJ48*01,TRBV19*02,CASSGRSTDTQYF,TRBJ2-3*01,EDQVTQSPEALRLQEGESSSLNCSYTVSGLRGLFWYRQDPGKGPEFLFTLYSAGEEKEKERLKATLTKKESFLHITAPKPEDSATYLCAVQPPNFGNEKLTFGTGTRLTIIP,DGGITQSPKYLFRKEGQNVTLSCEQNLNHDAMYWYRQVPGQGLRLIYYSHIVNDFQKGDIAEGYSVSREKKESFPLTVTSAQKNPTAFYLCASSGRSTDTQYFGPGTRLTVL
ES179M1+BR+10,TRAV27*01,CAGGGSQGNLIF,TRAJ42*01,TRBV19*02,CASSIRSSYEQYF,TRBJ2-7*01,TQLLEQSPQFLSIQEGENLTVYCNSSSVFSSLQWYRQEPGEGPVLLVTVVTGGEVKKLKRLTFQFGDARKDSSLHITAAQPGDTGLYLCAGGGSQGNLIFGKGTKLSVKP,DGGITQSPKYLFRKEGQNVTLSCEQNLNHDAMYWYRQVPGQGLRLIYYSHIVNDFQKGDIAEGYSVSREKKESFPLTVTSAQKNPTAFYLCASSIRSSYEQYFGPGTRLTVT
ES179M1+BR+11,TRAV6*01,CALDMGGGSQGNLIF,TRAJ42*01,TRBV19*02,CASSTRSTDTQYF,TRBJ2-3*01,SQKIEQNSEALNIQEGKTATLTCNYTNYSPAYLQWYRQDPGRGPVFLLLIRENEKEKRKERLKVTFDTTLKQSLFHITASQPADSATYLCALDMGGGSQGNLIFGKGTKLSVKP,DGGITQSPKYLFRKEGQNVTLSCEQNLNHDAMYWYRQVPGQGLRLIYYSHIVNDFQKGDIAEGYSVSREKKESFPLTVTSAQKNPTAFYLCASSTRSTDTQYFGPGTRLTVL
ES179M1+BR+12,TRAV27*01,CAAGGSQGNLIF,TRAJ42*01,TRBV19*02,CASSIRSSYEQYF,TRBJ2-7*01,TQLLEQSPQFLSIQEGENLTVYCNSSSVFSSLQWYRQEPGEGPVLLVTVVTGGEVKKLKRLTFQFGDARKDSSLHITAAQPGDTGLYLCAAGGSQGNLIFGKGTKLSVKP,DGGITQSPKYLFRKEGQNVTLSCEQNLNHDAMYWYRQVPGQGLRLIYYSHIVNDFQKGDIAEGYSVSREKKESFPLTVTSAQKNPTAFYLCASSIRSSYEQYFGPGTRLTVT
ES179M1+BR+13,TRAV1-2*01,CAVRRGSTLGRLYF,TRAJ18*01,TRBV2*03,CASSTPGGQGIRARDLGQFF,TRBJ2-1*01,GQNIDQPTEMTATEGAIVQINCTYQTSGFNGLFWYQQHAGEAPTFLSYNVLDGLEEKGRFSSFLSRSKGYSYLLLKELQMKDSASYLCAVRRGSTLGRLYFGRGTQLTVWP,EPEVTQTPSHQVTQMGQEVILRCVPISNHLYFYWYRQILGQKVEFLVSFYNNEISEKSEIFDDQFSVERPDGSNFTLKIRSTKLEDSAMYFCASSTPGGQGIRARDLGQFFGPGTRLTVL
D044M1+BR+01,TRAV3*01,CAVRGTNAGKSTF,TRAJ27*01,TRBV29-1*02,CSVGTASYNEQFF,TRBJ2-1*01,AQSVAQPEDQVNVAEGNPLTVKCTYSVSGNPYLFWYVQYPNRGLQFLLKYITGDNLVKGSYGFEAEFNKSQTSFHLKKPSALVSDSALYFCAVRGTNAGKSTFGDGTTLTVKP,SAVISQKPSRDICQRGTSLTIQCQVDSQVTMMFWYRQQPGQSLTLIATANQGSEATYESGFVIDKFPISRPNLTFSSLTVSNMSPEDSSIYLCSVGTASYNEQFFGPGTRLTVL
D044M1+BR+02,TRAV27*01,CAGGGSQGNLIF,TRAJ42*01,TRBV19*02,CASSIRSSYEQYF,TRBJ2-7*01,TQLLEQSPQFLSIQEGENLTVYCNSSSVFSSLQWYRQEPGEGPVLLVTVVTGGEVKKLKRLTFQFGDARKDSSLHITAAQPGDTGLYLCAGGGSQGNLIFGKGTKLSVKP,DGGITQSPKYLFRKEGQNVTLSCEQNLNHDAMYWYRQVPGQGLRLIYYSHIVNDFQKGDIAEGYSVSREKKESFPLTVTSAQKNPTAFYLCASSIRSSYEQYFGPGTRLTVT
D044M1+BR+03,TRAV24*01,CAPNSGYSTLTF,TRAJ11*01,TRBV27*01,CASIGSGYPYNEQFF,TRBJ2-1*01,ILNVEQSPQSLHVQEGDSTNFTCSFPSSNFYALHWYRWETAKSPEALFVMTLNGDEKKKGRISATLNTKEGYSYLYIKGSQPEDSATYLCAPNSGYSTLTFGKGTMLLVSP,EAQVTQNPRYLITVTGKKLTVTCSQNMNHEYMSWYRQDPGLGLRQIYYSMNVEVTDKGDVPEGYKVSRKEKRNFPLILESPSPNQTSLYFCASIGSGYPYNEQFFGPGTRLTVL
D044M1+BR+04,TRAV12-2*01,CAVNRVDSSYKLIF,TRAJ12*01,TRBV4-2*01,CASRNIRQDGYTF,TRBJ1-2*01,QKEVEQNSGPLSVPEGAIASLNCTYSDRGSQSFFWYRQYSGKSPELIMFIYSNGDKEDGRFTAQLNKASQYVSLLIRDSQPSDSATYLCAVNRVDSSYKLIFGSGTRLLVRP,ETGVTQTPRHLVMGMTNKKSLKCEQHLGHNAMYWYKQSAKKPLELMFVYNFKEQTENNSVPSRFSPECPNSSHLFLHLHTLQPEDSALYLCASRNIRQDGYTFGSGTRLTVV
ES179BRM1-01,TRAV27*01,CAGAPMEYGNKLVF,TRAJ47*02,TRBV18*01,CASSRTGLNTEAFF,TRBJ1-1*01,TQLLEQSPQFLSIQEGENLTVYCNSSSVFSSLQWYRQEPGEGPVLLVTVVTGGEVKKLKRLTFQFGDARKDSSLHITAAQPGDTGLYLCAGAPMEYGNKLVFGAGTILRVKS,NAGVMQNPRHLVRRRGQEARLRCSPMKGHSHVYWYRQLPEEGLKFMVYLQKENIIDESGMPKERFSAEFPKEGPSILRIQQVVRGDSAAYFCASSPTGLNTEAFFGQGTRLTVV
ES179BRM1-02,TRAV22*01,CHVEPYSGTYKYIF,TRAJ40*01,TRBV4-3*01,CASSQDPVSGATDTQYF,TRBJ2-3*01,GIQVEQSPPDLILQEGANSTLRCNFSDSVNNLQWFHQNPWGQLINLFYIPSGTKQNGRLSATTVATERYSLLYISSSQTTDSGVYFCAVEPYSGTYKYIFGTGTRLKVLA,ETGVTQTPRHLVMGMTNKKSLKCEQHLGHNAMYWYKQSAKKPLELMFVYSLEERVENNSVPSRFSPECPNSSHLFLHLHTLQPEDSALYLCASSQDPVSGATDTQYFGPGTRLTVL
ES179BRM1-03,TRAV25*01,CAGNYGGSQGNLIF,TRAJ42*01,TRBV19*02,CASSPRSTDTQYF,TRBJ2-3*01,GQQVMQIPQYQHVQEGEDFTTYCNSSTTLSNIQWYKQRPGGHPVFLIQLVKSGEVKKQKRLTFQFGEAKKNSSLHITATQTTDVGTYFCAGNYGGSQGNLIFGKGTKLSVKP,DGGITQSPKYLFRKEGQNVTLSCEQNLNHDAMYWYRQVPGQGLRLIYYSHIVNDFQKGDIAEGYSVSREKKESFPLTVTSAQKNPTAFYLCASSPRSTDTQYFGPGTRLTVL
ES179BRM1-04,TRAV27*01,CAGAPMEYGNKLVF,TRAJ47*02,TRBV18*01,CASSRTGLNTEAFF,TRBJ1-1*01,TQLLEQSPQFLSIQEGENLTVYCNSSSVFSSLQWYRQEPGEGPVLLVTVVTGGEVKKLKRLTFQFGDARKDSSLHITAAQPGDTGLYLCAGAPMEYGNKLVFGAGTILRVKS,NAGVMQNPRHLVRRRGQEARLRCSPMKGHSHVYWYRQLPEEGLKFMVYLQKENIIDESGMPKERFSAEFPKEGPSILRIQQVVRGDSAAYFCASSPTGLNTEAFFGQGTRLTVV
ES179BRM1-05,TRAV27*01,CAGGGSQGNLIF,TRAJ42*01,TRBV19*02,CASSIRSSYEQYF,TRBJ2-7*01,TQLLEQSPQFLSIQEGENLTVYCNSSSVFSSLQWYRQEPGEGPVLLVTVVTGGEVKKLKRLTFQFGDARKDSSLHITAAQPGDTGLYLCAGGGSQGNLIFGKGTKLSVKP,DGGITQSPKYLFRKEGQNVTLSCEQNLNHDAMYWYRQVPGQGLRLIYYSHIVNDFQKGDIAEGYSVSREKKESFPLTVTSAQKNPTAFYLCASSIRSSYEQYFGPGTRLTVT
ES179BRM1-06,TRAV22*01,CAVEPYSGTYKYIF,TRAJ40*01,TRBV4-3*01,CASSQDPVSGATDTQYF,TRBJ2-3*01,GIQVEQSPPDLILQEGANSTLRCNFSDSVNNLQWFHQNPWGQLINLFYIPSGTKQNGRLSATTVATERYSLLYISSSQTTDSGVYFCAVEPYSGTYKYIFGTGTRLKVLA,ETGVTQTPRHLVMGMTNKKSLKCEQHLGHNAMYWYKQSAKKPLELMFVYSLEERVENNSVPSRFSPECPNSSHLFLHLHTLQPEDSALYLCASSQDPVSGATDTQYFGPGTRLTVL
ES179BRM1-07,TRAV1-1*01,CAVRDNDYKLSF,TRAJ20*01,TRBV19*02,CASSPRSTDTQYF,TRBJ2-3*01,GQSLEQPSEVTAVEGAIVQINCTYQTSGFYGLSWYQQHDGGAPTFLSYNALDGLEETGRFSSFLSRSDSYGYLLLQELQMKDSASYFCAVRDNDYKLSFGAGTTVTVRA,DGGITQSPKYLFRKEGQNVTLSCEQNLNHDAMYWYRQVPGQGLRLIYYSHIVNDFQKGDIAEGYSVSREKKESFPLTVTSAQKNPTAFYLCASSPRSTDTQYFGPGTRLTVL
ES179BRM1-08,TRAV38-1*01,CAFMTNAGGTSYGKLTF,TRAJ52*01,TRBV19*02,CASSQGSHGYTF,TRBJ1-2*01,AQTVTQSQPEMSVQEAETVTLSCTYDTSENNYYLFWYKQPPSRQMILVIRQEAYKQQNATENRFSVNFQKAAKSFSLKISDSQLGDTAMYFCAFMTNAGGTSYGKLTFGQGTILTVHP,DGGITQSPKYLFRKEGQNVTLSCEQNLNHDAMYWYRQVPGQGLRLIYYSHIVNDFQKGDIAEGYSVSREKKESFPLTVTSAQKNPTAFYLCASSQGSHGYTFGSGTRLTVV
ES179BRM1-09,TRAV27*01,CAAGGSQGNLIF,TRAJ42*01,TRBV19*02,CASSIRSSYEQYF,TRBJ2-7*01,TQLLEQSPQFLSIQEGENLTVYCNSSSVFSSLQWYRQEPGEGPVLLVTVVTGGEVKKLKRLTFQFGDARKDSSLHITAAQPGDTGLYLCAAGGSQGNLIFGKGTKLSVKP,DGGITQSPKYLFRKEGQNVTLSCEQNLNHDAMYWYRQVPGQGLRLIYYSHIVNDFQKGDIAEGYSVSREKKESFPLTVTSAQKNPTAFYLCASSIRSSYEQYFGPGTRLTVT
ES179BRM1-10,TRAV8-3*01,CAVGAESGGYNKLIF,TRAJ4*01,TRBV19*03,CASRLAPTDTQYF,TRBJ2-3*01,AQSVTQPDIHITVSEGASLELRCNYSYGATPYLFWYVQSPGQGLQLLLKYFSGDTLVQGIKGFEAEFKRSQSSFNLRKPSVHWSDAAEYFCAVGAESGGYNKLIFGAGTRLAVHP,DGGITQSPKYLFRKEGQNVTLSCEQNLNHDAMYWYRQDPGQGLRLIYYSHIVNDFQKGDIAEGYSVSREKKESFPLTVTSAQKNPTAFYLCASRLAPTDTQYFGPGTRLTVL
D044BRM1-01,TRAV8-4*05,CAVSDQDNDMRF,TRAJ43*01,TRBV19*02,CASSSFGNGNQPQHF,TRBJ1-5*01,AQSVTQLGSHVSVSEGALVLLRCNYSSSVPPYLFWYVQYPNQGLQLLLKYTSAATLVKGINGFEAEFKKSETSFHLTKPSAHMSDAAEYFCAVSDQDNDMRFGAGTRLTVKP,DGGITQSPKYLFRKEGQNVTLSCEQNLNHDAMYWYRQVPGQGLRLIYYSHIVNDFQKGDIAEGYSVSREKKESFPLTVTSAQKNPTAFYLCASSSFGNGNQPQHFGDGTRLSIL
D044BRM1-02,TRAV29/DV5*01,CAASGGSNYKLTF,TRAJ53*01,TRBV19*02,CASSGLYIGTGVLNYGYTF,TRBJ1-2*01,DQQVKQNSPSLSVQEGRISILNCDYTNSMFDYFLWYKKYPAEGPTFLISISSIKDKNEDGRFTVFLNKSAKHLSLHIVPSQPGDSAVYFCAASGGSNYKLTFGKGTLLTVNP,DGGITQSPKYLFRKEGQNVTLSCEQNLNHDAMYWYRQVPGQGLRLIYYSHIVNDFQKGDIAEGYSVSREKKESFPLTVTSAQKNPTAFYLCASSGLYIGTGVLNYGYTFGSGTRLTVV
D044BRM1-03,TRAV14/DV4*02,CAMRRGGNFNKFYF,TRAJ21*01,TRBV29-1*02,CSVGTASYNEQFF,TRBJ2-1*01,AQKITQTQPGMFVQEKEAVTLDCTYDTSDQSYGLFWYKQPSSGEMIFLIYQGSYDEQNATEGRYSLNFQKARKSANLVISASQLGDSAMYFCAMRRGGNFNKFYFGSGTKLNVKP,SAVISQKPSRDICQRGTSLTIQCQVDSQVTMMFWYRQQPGQSLTLIATANQGSEATYESGFVIDKFPISRPNLTFSSLTVSNMSPEDSSIYLCSVGTASYNEQFFGPGTRLTVL
D0BRM1-04,TRAV35*01,CAGQLAGGSQGNLIF,TRAJ42*01,TRBV19*03,CASTGLSIQPQHF,TRBJ1-5*01,GQQLNQSPQSMFIQEGEDVSMNCTSSSIFNTWLWYKQEPGEGPVLLIALYKAGELTSNGRLTAQFGITRKDSFLNISASIPSDVGIYFCAGQLAGGSQGNLIFGKGTKLSVKP,DGGITQSPKYLFRKEGQNVTLSCEQNLNHDAMYWYRQDPGQGLRLIYYSHIVNDFQKGDIAEGYSVSREKKESFPLTVTSAQKNPTAFYLCASTGLSIQPQHFGDGTRLSIL
D044BRM1-05,TRAV5*01,CAEPRDSNYQLIW,TRAJ33*01,TRBV27*01,CASIGSGYPYNEQFF,TRBJ2-1*01,GEDVEQSLFLSVREGDSSVINCTYTDSSSTYLYWYKQEPGAGLQLLTYIFSNMDMKQDQRLTVLLNKKDKHLSLRIADTQTGDSAIYFCAEPRDSNYQLIWGAGTKLIIKP,EAQVTQNPRYLITVTGKKLTVTCSQNMNHEYMSWYRQDPGLGLRQIYYSMNVEVTDKGDVPEGYKVSRKEKRNFPLILESPSPNQTSLYFCASIGSGYPYNEQFFGPGTRLTVL
D044BRM1-06,TRAV27*01,CAGGGSQGNLIF,TRAJ42*01,TRBV19*02,CASSVRSSYEQYF,TRBJ2-7*01,TQLLEQSPQFLSIQEGENLTVYCNSSSVFSSLQWYRQEPGEGPVLLVTVVTGGEVKKLKRLTFQFGDARKDSSLHITAAQPGDTGLYLCAGGGSQGNLIFGKGTKLSVKP,DGGITQSPKYLFRKEGQNVTLSCEQNLNHDAMYWYRQVPGQGLRLIYYSHIVNDFQKGDIAEGYSVSREKKESFPLTVTSAQKNPTAFYLCASSIRSSYEQYFGPGTRLTVT
D044BRM1-07,TRAV4*01,CLVLESNYQLIW,TRAJ33*01,TRBV27*01,CASSRSHSNQPQHF,TRBJ1-5*01,LAKTTQPISMDSYEGQEVNITCSHNNIATNDYITWYQQFPSQGPRFIIQGYKTKVTNEVASLFIPADRKSSTLSLPRVSLSDTAVYYCLVGESNYQLIWGAGTKLIIKP,EAQVTQNPRYLITVTGKKLTVTCSQNMNHEYMSWYRQDPGLGLRQIYYSMNVEVTDKGDVPEGYKVSRKEKRNFPLILESPSPNQTSLYFCASSRSHSNQPQHFGDGTRLSIL
D044BRM1-08,TRAV19*01,CALSEATGYSTLTF,TRAJ11*01,TRBV7-9*01,CASSLVLGYYNEQFF,TRBJ2-1*01,AQKVTQAQTEISVVEKEDVTLDCVYETRDTTYYLFWYKQPPSGELVFLIRRNSFDEQNEISGRYSWNFQKSTSSFNFTITASQVVDSAVYFCALSEATGYSTLTFGKGTMLLVSP,DTGVSQNPRHKITKRGQNVTFRCDPISEHNRLYWYRQTLGQGPEFLTYFQNEAQLEKSRLLSDRFSAERPKGSFSTLEIQRTEQGDSAMYLCASSLVLGYYNEQFFGPGTRLTVL
D044BRM1-09,TRAV27*01,CAGGGSQGNLIF,TRAJ42*01,TRBV19*03,CASSVRSSYEQYF,TRBJ2-7*01,TQLLEQSPQFLSIQEGENLTVYCNSSSVFSSLQWYRQEPGEGPVLLVTVVTGGEVKKLKRLTFQFGDARKDSSLHITAAQPGDTGLYLCAGGGSQGNLIFGKGTKLSVKP,DGGITQSPKYLFRKEGQNVTLSCEQNLNHDAMYWYRQDPGQGLRLIYYSHIVNDFQKGDIAEGYSVSREKKESFPLTVTSAQKNPTAFYLCASSVRSSYEQYFGPGTRLTVT
D044BRM1-10,TRAV8-4*05,CAVSDQDNDMRF,TRAJ43*01,TRBV2*03,CASKFRDHYEQYF,TRBJ2-7*01,AQSVTQLGSHVSVSEGALVLLRCNYSSSVPPYLFWYVQYPNQGLQLLLKYTSAATLVKGINGFEAEFKKSETSFHLTKPSAHMSDAAEYFCAVSDQDNDMRFGAGTRLTVKP,EPEVTQTPSHQVTQMGQEVILRCVPISNHLYFYWYRQILGQKVEFLVSFYNNEISEKSEIFDDQFSVERPDGSNFTLKIRSTKLEDSAMYFCASSFRDHYEQYFGPGTRLTVT
ES556M1BM-01,TRAV12-2*01,CGCPGSQGNLIF,TRAJ42*01,TRBV14*01,CASSQSPGGTGTF,TRBJ2-7*01,QKEVEQNSGPLSVPEGAIASLNCTYSDRGSQSFFWYRQYSGKSPELIMFIYSNGDKEDGRFTAQLNKASQYVSLLIRDSQPSDSATYLCGCPGSQGNLIFGKGTKLSVKP,EAGVTQFPSHSVIEKGQTVTLRCDPISGHDNLYWYRRVMGKEIKFLLHFVKESKQDESGMPNNRFLAERTGGTYSTLKVQPAELEDSGVYFCASSQSPGGTGTFRLTVT
ES556M1BM-02,TRAV27*01,CAGANGGSQGNLIF,TRAJ42*01,TRBV19*01,CASSKRSSGELFF,TRBJ2-2*01,TQLLEQSPQFLSIQEGENLTVYCNSSSVFSSLQWYRQEPGEGPVLLVTVVTGGEVKKLKRLTFQFGDARKDSSLHITAAQPGDTGLYLCAGANGGSQGNLIFGKGTKLSVKP,DGGITQSPKYLFRKEGQNVTLSCEQNLNHDAMYWYRQDPGQGLRLIYYSQIVNDFQKGDIAEGYSVSREKKESFPLTVTSAQKNPTAFYLCASSKRSSGELFFGEGSRLTVL
ES556M1BM-03,TRAV27*01,CAGGGSQGNLIF,TRAJ42*01,TRBV19*01,CASSIRSSYEQYF,TRBJ2-7*01,TQLLEQSPQFLSIQEGENLTVYCNSSSVFSSLQWYRQEPGEGPVLLVTVVTGGEVKKLKRLTFQFGDARKDSSLHITAAQPGDTGLYLCAGGGSQGNLIFGKGTKLSVKP,DGGITQSPKYLFRKEGQNVTLSCEQNLNHDAMYWYRQDPGQGLRLIYYSQIVNDFQKGDIAEGYSVSREKKESFPLTVTSAQKNPTAFYLCASSIRSSYEQYFGPGTRLTVT
ES556M1BM-04,TRAV1-2*01,CAALDSSYKLIF,TRAJ12*01,TRBV6-4*01,CASSDKVEGDTQYF,TRBJ2-3*01,GQNIDQPTEMTATEGAIVQINCTYQTSGFNGLFWYQQHAGEAPTFLSYNVLDGLEEKGRFSSFLSRSKGYSYLLLKELQMKDSASYLCAALDSSYKLIFGSGTRLLVRP,IAGITQAPTSQILAAGRRMTLRCTQDMRHNAMYWYRQDLGLGLRLIHYSNTAGTTGKGEVPDGYSVSRANTDDFPLTLASAVPSQTSVYFCASSDKVEGDTQYFGPGTRLTVL
ES556M1BM-05,TRAV12-2*01,CAANNARLMF,TRAJ31*01,TRBV29-1*01,CSVPDRGDINEQFF,TRBJ2-1*01,QKEVEQNSGPLSVPEGAIASLNCTYSDRGSQSFFWYRQYSGKSPELIMFIYSNGDKEDGRFTAQLNKASQYVSLLIRDSQPSDSATYLCAVNNARLMFGDGTQLVVKP,SAVISQKPSRDICQRGTSLTIQCQVDSQVTMMFWYRQQPGQSLTLIATANQGSEATYESGFVIDKFPISRPNLTFSTLTVSNMSPEDSSIYLCSVPDRGDINEQFFGPGTRLTVL
ES556M1BM-06,TRAV14/DV4*01,CAMREGRNARLMF,TRAJ31*01,TRBV9*01,CASSTGQTTNTGELFF,TRBJ2-2*01,AQKITQTQPGMFVQEKEAVTLDCTYDTSDPSYGLFWYKQPSSGEMIFLIYQGSYDQQNATEGRYSLNFQKARKSANLVISASQLGDSAMYFCAMREGRNARLMFGDGTQLVVKP,DSGVTQTPKHLITATGQRVTLRCSPRSGDLSVYWYQQSLDQGLQFLIQYYNGEERAKGNILERFSAQQFPDLHSELNLSSLELGDSALYFCASSTGQTTNTGELFFGEGSRLTVL
ES556M1BM-07,TRAV27*01,CAGAHGSSNTGKLIF,TRAJ37*02,TRBV19*01,CASSSRSAYEQYF,TRBJ2-7*01,TQLLEQSPQFLSIQEGENLTVYCNSSSVFSSLQWYRQEPGEGPVLLVTVVTGGEVKKLKRLTFQFGDARKDSSLHITAAQPGDTGLYLCAGAHGSSNTGKLIFGQGTTLQVKP,DGGITQSPKYLFRKEGQNVTLSCEQNLNHDAMYWYRQDPGQGLRLIYYSQIVNDFQKGDIAEGYSVSREKKESFPLTVTSAQKNPTAFYLCASSSRSAYEQYFGPGTRLTVT
ES556M1BM-08,TRAV27*01,CAGGGSQGNLIF,TRAJ42*01,TRBV14*01,CASSQSPGGTGTF,TRBJ2-7*01,TQLLEQSPQFLSIQEGENLTVYCNSSSVFSSLQWYRQEPGEGPVLLVTVVTGGEVKKLKRLTFQFGDARKDSSLHITAAQPGDTGLYLCAGGGSQGNLIFGKGTKLSVKP,EAGVTQFPSHSVIEKGQTVTLRCDPISGHDNLYWYRRVMGKEIKFLLHFVKESKQDESGMPNNRFLAERTGGTYSTLKVQPAELEDSGVYFCASSQSPGGTGTFRLTVT
ES556M1BM-09,TRAV27*01,CAGGGSQGNLIF,TRAJ42*01,TRBV19*01,CASSIRSSYEQYF,TRBJ2-7*01,TQLLEQSPQFLSIQEGENLTVYCNSSSVFSSLQWYRQEPGEGPVLLVTVVTGGEVKKLKRLTFQFGDARKDSSLHITAAQPGDTGLYLCAGGGSQGNLIFGKGTKLSVKP,DGGITQSPKYLFRKEGQNVTLSCEQNLNHDAMYWYRQDPGQGLRLIYYSQIVNDFQKGDIAEGYSVSREKKESFPLTVTSAQKNPTAFYLCASSIRSSYEQYFGPGTRLTVT
ES556M1BM-10,TRAV1-1*01,CAVPLENGQKLLF,TRAJ16*01,TRBV20-1*01,CSASKTANSGNTIYF,TRBJ1-3*01,GQSLEQPSEVTAVEGAIVQINCTYQTSGFYGLSWYQQHDGGAPTFLSYNALDGLEETGRFSSFLSRSDSYGYLLLQELQMKDSASYFCAVPLENGQKLLFARGTMLKVDL,GAVVSQHPSWVICKSGTSVKIECRSLDFQATTMFWYRQFPKQSLMLMATSNEGSKATYEQGVEKDKFLINHASLTLSTLTVTSAHPEDSSFYICSASKTANSGNTIYFGEGSWLTVV
D044M1BM-01,TRAV29/DV5*01,CVYRNNNARLMF,TRAJ31*01,TRBV28*01,CASSLSGSYEQYF,TRBJ2-7*01,DQQVKQNSPSLSVQEGRISILNCDYTNSMFDYFLWYKKYPAEGPTFLISISSIKDKNEDGRFTVFLNKSAKHLSLHIVPSQPGDSAVYFCAYRNNNARLMFGDGTQLVVKP,DVKVTQSSRYLVKRTGEKVFLECVQDMDHENMFWYRQDPGLGLRLIYFSYDVKMKEKGDIPEGYSVSREKKERFSLILESASTNQTSMYLCASSLSGSYEQYFGPGTRLTVT
D044M1BM-02,TRAV20*01,CAGCRTGTASKLTF,TRAJ44*01,TRBV16*02,CASSQIGTDRGPAGGPLNEQYF,TRBJ2-7*01,EDQVTQSPEALRLQEGESSSLNCSYTVSGLRGLFWYRQDPGKGPEFLFTLYSAGEEKEKERLKATLTKKESFLHITAPKPEDSATYLCAVCRTGTASKLTFGTGTRLQVTL,GEEVAQTPKHLVRGEGQKAKLYCAPIKGHSVFWYQQVLKNEFKFLISFQNENVFDETGMPKERFSAKCLPNSPCSLEIQATKLEDSAVYFCASSQIGTDRGPAGGPLNEQYFGPGTRLTVT
D044M1BM-03,TRAV12-2*01,CAVNMNTGNQFYF,TRAJ49*01,TRBV19*01,CASSTVSLDEQFF,TRBJ2-1*01,QKEVEQNSGPLSVPEGAIASLNCTYSDRGSQSFFWYRQYSGKSPELIMFIYSNGDKEDGRFTAQLNKASQYVSLLIRDSQPSDSATYLCAVNMNTGNQFYFGTGTSLTVIP,DGGITQSPKYLFRKEGQNVTLSCEQNLNHDAMYWYRQDPGQGLRLIYYSQIVNDFQKGDIAEGYSVSREKKESFPLTVTSAQKNPTAFYLCASSTVSLDEQFFGPGTRLTVL
D044M1BM-04,TRAV14/DV4*02,CAMRGTGGYNKLIF,TRAJ4*01,TRBV2*01,CASSEAGLAGGEQFF,TRBJ2-1*01,AQKITQTQPGMFVQEKEAVTLDCTYDTSDQSYGLFWYKQPSSGEMIFLIYQGSYDEQNATEGRYSLNFQKARKSANLVISASQLGDSAMYFCAMRGTGGYNKLIFGAGTRLAVHP,EPEVTQTPSHQVTQMGQEVILRCVPISNHLYFYWYRQILGQKVEFLVSFYNNEISEKSEIFDDQFSVERPDGSNFTLKIRSTKLEDSAMYFCASSEAGLAGGEQFFGPGTRLTVL
D044M1BM-05,TRAV5*01,CAEPRDSNYQLIW,TRAJ33*01,TRBV27*01,CASIGSGYPYNEQFF,TRBJ2-1*01,GEDVEQSLFLSVREGDSSVINCTYTDSSSTYLYWYKQEPGAGLQLLTYIFSNMDMKQDQRLTVLLNKKDKHLSLRIADTQTGDSAIYFCAEPRDSNYQLIWGAGTKLIIKP,EAQVTQNPRYLITVTGKKLTVTCSQNMNHEYMSWYRQDPGLGLRQIYYSMNVEVTDKGDVPEGYKVSRKEKRNFPLILESPSPNQTSLYFCASIGSGYPYNEQFFGPGTRLTVL
D044M1BM-06,TRAV8-3*01,CAVVGTGNQFYF,TRAJ49*01,TRBV28*01,CASSLRVSRGAYEQYV,TRBJ2-7*02,AQSVTQPDIHITVSEGASLELRCNYSYGATPYLFWYVQSPGQGLQLLLKYFSGDTLVQGIKGFEAEFKRSQSSFNLRKPSVHWSDAAEYFCAVVGTGNQFYFGTGTSLTVIP,DVKVTQSSRYLVKRTGEKVFLECVQDMDHENMFWYRQDPGLGLRLIYFSYDVKMKEKGDIPEGYSVSREKKERFSLILESASTNQTSMYLCASSLRVSRGAYEQYVGPGTRLTVT
D044M1BM-07,TRAV12-2*01,CAVNNQAGTALIF,TRAJ15*01,TRBV27*01,CASIGSGYPYNEQFF,TRBJ2-1*01,QKEVEQNSGPLSVPEGAIASLNCTYSDRGSQSFFWYRQYSGKSPELIMFIYSNGDKEDGRFTAQLNKASQYVSLLIRDSQPSDSATYLCAVNNQAGTALIFGKGTTLSVSS,EAQVTQNPRYLITVTGKKLTVTCSQNMNHEYMSWYRQDPGLGLRQIYYSMNVEVTDKGDVPEGYKVSRKEKRNFPLILESPSPNQTSLYFCASIGSGYPYNEQFFGPGTRLTVL
D044M1BM-08,TRAV27*01,CAGGGSQGNLIF,TRAJ42*01,TRBV19*01,CASSIRSSYEQFF,TRBJ2-1*01,TQLLEQSPQFLSIQEGENLTVYCNSSSVFSSLQWYRQEPGEGPVLLVTVVTGGEVKKLKRLTFQFGDARKDSSLHITAAQPGDTGLYLCAGGGSQGNLIFGKGTKLSVKP,DGGITQSPKYLFRKEGQNVTLSCEQNLNHDAMYWYRQDPGQGLRLIYYSQIVNDFQKGDIAEGYSVSREKKESFPLTVTSAQKNPTAFYLCASSIRSSYEQFFGPGTRLTVL
D044M1BM-09,TRAV29/DV5*01,CVYRNNNARLMF,TRAJ31*01,TRBV28*01,CASSLSGSYEQYF,TRBJ2-7*01,DQQVKQNSPSLSVQEGRISILNCDYTNSMFDYFLWYKKYPAEGPTFLISISSIKDKNEDGRFTVFLNKSAKHLSLHIVPSQPGDSAVYFCAYRNNNARLMFGDGTQLVVKP,DVKVTQSSRYLVKRTGEKVFLECVQDMDHENMFWYRQDPGLGLRLIYFSYDVKMKEKGDIPEGYSVSREKKERFSLILESASTNQTSMYLCASSLSGSYEQYFGPGTRLTVT
D044M1BM-10,TRAV8-3*01,CAVVGTGNQFYF,TRAJ49*01,TRBV28*01,CASSIRVSRGAYEQYV,TRBJ2-7*02,AQSVTQPDIHITVSEGASLELRCNYSYGATPYLFWYVQSPGQGLQLLLKYFSGDTLVQGIKGFEAEFKRSQSSFNLRKPSVHWSDAAEYFCAVVGTGNQFYFGTGTSLTVIP,DVKVTQSSRYLVKRTGEKVFLECVQDMDHENMFWYRQDPGLGLRLIYFSYDVKMKEKGDIPEGYSVSREKKERFSLILESASTNQTSMYLCASSLRVSRGAYEQYVGPGTRLTVT
D044M1BM-11,TRAV14/DV4*02,CAMRRGGNFNKFYF,TRAJ21*01,TRBV29-1*02,CSVGTASYNEQFF,TRBJ2-1*01,AQKITQTQPGMFVQEKEAVTLDCTYDTSDQSYGLFWYKQPSSGEMIFLIYQGSYDEQNATEGRYSLNFQKARKSANLVISASQLGDSAMYFCAMRRGGNFNKFYFGSGTKLNVKP,SAVISQKPSRDICQRGTSLTIQCQVDSQVTMMFWYRQQPGQSLTLIATANQGSEATYESGFVIDKFPISRPNLTFSSLTVSNMSPEDSSIYLCSVGTASYNEQFFGPGTRLTVL
D044M1BM-12,TRAV27*01,CAGAGGGSQGNFIF,TRAJ42*01,TRBV19*01,CASSQRSTDTQYF,TRBJ2-3*01,TQLLEQSPQFLSIQEGENLTVYCNSSSVFSSLQWYRQEPGEGPVLLVTVVTGGEVKKLKRLTFQFGDARKDSSLHITAAQPGDTGLYLCAGAGGGSQGNFIFGKGTKLSVKP,DGGITQSPKYLFRKEGQNVTLSCEQNLNHDAMYWYRQDPGQGLRLIYYSQIVNDFQKGDIAEGYSVSREKKESFPLTVTSAQKNPTAFYLCASSQRSTDTQYFGPGTRLTVL
D044M1BM-13,TRAV27*01,CAGPSHQGGKLIF,TRAJ23*01,TRBV19*01,CASSMRSGWEQFF,TRBJ2-1*01,TQLLEQSPQFLSIQEGENLTVYCNSSSVFSSLQWYRQEPGEGPVLLVTVVTGGEVKKLKRLTFQFGDARKDSSLHITAAQPGDTGLYLCAGPSHQGGKLIFGQGTELSVKP,DGGITQSPKYLFRKEGQNVTLSCEQNLNHDAMYWYRQDPGQGLRLIYYSQIVNDFQKGDIAEGYSVSREKKESFPLTVTSAQKNPTAFYLCASSIRSGWEQFFGPGTRLTVL
D044M1BM-14,TRAV12-2*01,CAVNSQAGNALIF,TRAJ15*01,TRBV27*01,CASIGSGYPYNEQFF,TRBJ2-1*01,QKEVEQNSGPLSVPEGAIASLNCTYSDRGSQSFFWYRQYSGKSPELIMFIYSNGDKEDGRFTAQLNKASQYVSLLIRDSQPSDSATYLCAVNSQAGNALIFGKGTTLSVSS,EAQVTQNPRYLITVTGKKLTVTCSQNMNHEYMSWYRQDPGLGLRQIYYSMNVEVTDKGDVPEGYKVSRKEKRNFPLILESPSPNQTSLYFCASIGSGYPYNEQFFGPGTRLTVL
D044M1BM-15,TRAV8-1*01,CAVNEDTRLMF,TRAJ31*01,TRBV3-2*03,CASSQGITNNEQFF,TRBJ2-1*01,AQSVSQHNHHVILSEAASLELGCNYSYGGTVNLFWYVQYPGQHLQLLLKYFSGDPLVKGIKGFEAEFIKSKFSFNLRKPSVQWSDTAEYFCAVNEDTRLMFGDGTQLVVKP,DTAVSQTPKYLVTQTGKKESLKEQNLGHNAMYWYKQDSKKFLKTMFIYSNKEPILNETVPNRFSPDSPDKVHLNLHINSLELGDSAVYFCASSQGITNNEQFFGPGTRLTVL
D044M1BM-16,TRAV16*01,CALRGSGGYNKLIF,TRAJ4*01,TRBV20/OR9-2*03,CSARWEEISEKLFF,TRBJ1-4*01,AQRVTQPEKLLSVFKGAPVELKCNYSYSGSPELFWYVQYSRQRLQLLLRHISRESIKGFTADLNKGETSFHLKKPFAQEEDSAMYYCALRGSGGYNKLIFGAGTRLAVHP,SAVVSQHPSRVICKSGTSVNIECRSLDFQATTMFWYRQLRKQSLMLMAASNEGSEVTYEQGVKKDKFPINHPNLTFSALTVTSAHPEDSSFYICSARWEEISEKLFFGSGTQLSVL
D044M1BM-17,TRAV27*01,CAGAGGGSQGNLIF,TRAJ42*01,TRBV19*01,CASSQRSTDTQYF,TRBJ2-3*01,TQLLEQSPQFLSIQEGENLTVYCNSSSVFSSLQWYRQEPGEGPVLLVTVVTGGEVKKLKRLTFQFGDARKDSSLHITAAQPGDTGLYLCAGAGGGSQGNLIFGKGTKLSVKP,DGGITQSPKYLFRKEGQNVTLSCEQNLNHDAMYWYRQDPGQGLRLIYYSQIVNDFQKGDIAEGYSVSREKKESFPLTVTSAQKNPTAFYLCASSQRSTDTQYFGPGTRLTVL
D044M1BM-18,TRAV8-3*01,CAVVGTGNQFYF,TRAJ49*01,TRBV10-3*02,CAISDDWGLYEQYF,TRBJ2-7*01,AQSVTQPDIHITVSEGASLELRCNYSYGATPYLFWYVQSPGQGLQLLLKYFSGDTLVQGIKGFEAEFKRSQSSFNLRKPSVHWSDAAEYFCAVVGTGNQFYFGTGTSLTVIP,DAGITQSPRHKVTETGTPVTLRCHQTENHRYMYWYRQDPGHGLRLIHYSYGVKDTDKGEVSDGYSVSRSKTEDFLLTLESATSSQTSVYFCAISDDWGLYEQYFGPGTRLTVT
D044M1BM-19,TRAV5*01,CAEPRDSKYQLIW,TRAJ33*01,TRBV27*01,CASIGSGYPYNEQFF,TRBJ2-1*01,GEDVEQSLFLSVREGDSSVINCTYTDSSSTYLYWYKQEPGAGLQLLTYIFSNMDMKQDQRLTVLLNKKDKHLSLRIADTQTGDSAIYFCAEPRDSKYQLIWGAGTKLIIKP,EAQVTQNPRYLITVTGKKLTVTCSQNMNHEYMSWYRQDPGLGLRQIYYSMNVEVTDKGDVPEGYKVSRKEKRNFPLILESPSPNQTSLYFCASIGSGYPYNEQFFGPGTRLTVL
D044M1BM-20,TRAV38-2/DV8*01,CAYSPNAGGTSYGKLTF,TRAJ52*01,TRBV27*01,CASIGSGYPYNEQFF,TRBJ2-1*01,AQTVTQSQPEMSVQEAETVTLSCTYDTSESDYYLFWYKQPPSRQMILVIRQEAYKQQNATENRFSVNFQKAAKSFSLKISDSQLGDAAMYFCAYRPNAGGTSYGKLTFGQGTILTVHP,EAQVTQNPRYLITVTGKKLTVTCSQNMNHEYMSWYRQDPGLGLRQIYYSMNVEVTDKGDVPEGYKVSRKEKRNFPLILESPSPNQTSLYFCASIGSGYPYNEQFFGPGTRLTVL
D044M1BM-21,TRAV12-2*01,CAVNNQAGTALIF,TRAJ15*01,TRBV28*01,CASRPGTGNSPLHF,TRBJ1-6*01,QKEVEQNSGPLSVPEGAIASLNCTYSDRGSQSFFWYRQYSGKSPELIMFIYSNGDKEDGRFTAQLNKASQYVSLLIRDSQPSDSATYLCAVNNQAGTALIFGKGTTLSVSS,DVKVTQSSRYLVKRTGEKVFLECVQDMDHENMFWYRQDPGLGLRLIYFSYDVKMKEKGDIPEGYSVSREKKERFSLILESASTNQTSMYLCASRPGTGNSPLHFGNGTRLTVT
D044M1BM-22,TRAV5*01,CAEPRDSNYQLIW,TRAJ33*01,TRBV27*01,CASIGSGYPYNEQFF,TRBJ2-1*01,GEDVEQSLFLSVREGDSSVINCTYTDSSSTYLYWYKQEPGAGLQLLTYIFSNMDMKQDQRLTVLLNKKDKHLSLRIADTQTGDSAIYFCAEPRDSNYQLIWGAGTKLIIKP,EAQVTQNPRYLITVTGKKLTVTCSQNMNHEYMSWYRQDPGLGLRQIYYSMNVEVTDKGDVPEGYKVSRKEKRNFPLILESPSPNQTSLYFCASIGSGYPYNEQFFGPGTRLTVL
