Chain: C,Interaction energy,Partner,CDR Region
ILE 2,-0.032,GLN 96,CDR3A
LEU 3,-0.126,SER 95,CDR3A
LEU 3,0.029,GLN 96,CDR3A
GLY 4,-0.789,SER 95,CDR3A
GLY 4,-1.295,GLN 96,CDR3A
GLY 4,0.289,GLY 97,CDR3A
GLY 4,-0.012,TYR 50,E
GLY 4,-1.367,GLN 52,CDR2B
GLY 4,-0.185,GLN 58,CDR2B
GLY 4,0.001,SER 99,CDR3B
PHE 5,-0.06,GLY 94,CDR3A
PHE 5,-0.353,SER 95,CDR3A
PHE 5,-0.613,GLN 96,CDR3A
PHE 5,-0.252,GLY 97,CDR3A
PHE 5,0.004,ASN 98,CDR3A
PHE 5,-0.436,GLN 52,CDR2B
PHE 5,0.068,ARG 98,CDR3B
PHE 5,-0.542,SER 99,CDR3B
PHE 5,-0.154,SER 100,CDR3B
VAL 6,0.066,GLY 97,CDR3A
VAL 6,-3.096,GLN 52,CDR2B
VAL 6,-0.676,ILE 53,CDR2B
VAL 6,-0.278,ARG 98,CDR3B
VAL 6,0.786,SER 99,CDR3B
PHE 7,-0.038,ASP 32,CDR1B
PHE 7,-0.013,GLN 52,CDR2B
PHE 7,0.007,ILE 53,CDR2B
PHE 7,-0.565,ARG 98,CDR3B
PHE 7,0.069,SER 99,CDR3B
THR 8,2.071,ASP 32,CDR1B
THR 8,-0.011,GLN 52,CDR2B
THR 8,-0.715,ILE 53,CDR2B
THR 8,0.006,LYS 73,E
THR 8,-0.003,SER 97,CDR3B
THR 8,0.078,ARG 98,CDR3B
