PDB	TCR	pMHC	I_sc	alpha	beta	TCR_Ant	pMHC_Ant
4prh_2vlk_prepack_0001_ensemble_dock_0598_local_refine_0027.pdb	4prh	2vlk	-97.691	26.918	8.235	EBV	M1
4prh_5hhm_prepack_0001_ensemble_dock_2495_local_refine_0059.pdb	4prh	5hhm	-99.399	28.202	8.755	EBV	M1
1qse_1qse_prepack_0001_ensemble_dock_3541_local_refine_0061.pdb	1qse	1qse	-97.065	36.299	14.502	Tax	Tax
2nx5_5hhm_prepack_0001_ensemble_dock_4388_local_refine_0074.pdb	2nx5	5hhm	-101.076	26.406	5.807	EBV	M1
5hhm_5hhm_prepack_0001_ensemble_dock_1772_local_refine_0043.pdb	5hhm	5hhm	-105.488	27.409	2.314	M1	M1
5isz_2vlk_prepack_0001_ensemble_dock_2836_local_refine_0005.pdb	5isz	2vlk	-99.921	28.904	6.808	M1	M1
1qse_5isz_prepack_0001_ensemble_dock_4489_local_refine_0094.pdb	1qse	5isz	-95.553	29.845	7.622	Tax	M1
2vlk_2nx5_prepack_0001_ensemble_dock_1641_local_refine_0064.pdb	2vlk	2nx5	-88.261	26.982	8.353	M1	EBV
2nx5_4prh_prepack_0001_ensemble_dock_3949_local_refine_0097.pdb	2nx5	4prh	-93.772	30.445	6.566	EBV	EBV
5isz_5isz_prepack_0001_ensemble_dock_2228_local_refine_0051.pdb	5isz	5isz	-94.144	30.141	10.669	M1	M1
4prh_2nx5_prepack_0001_ensemble_dock_1553_local_refine_0049.pdb	4prh	2nx5	-93.288	27.823	8.584	EBV	EBV
5isz_1qrn_prepack_0001_ensemble_dock_0254_local_refine_0010.pdb	5isz	1qrn	-99.887	28.892	4.781	M1	Tax
5isz_4prh_prepack_0001_ensemble_dock_4381_local_refine_0074.pdb	5isz	4prh	-71.901	28.241	9.119	M1	EBV
5hhm_4prh_prepack_0001_ensemble_dock_4304_local_refine_0051.pdb	5hhm	4prh	-72.851	24.777	9.435	M1	EBV
1qrn_5hhm_prepack_0001_ensemble_dock_4194_local_refine_0022.pdb	1qrn	5hhm	-103.794	30.668	3.108	Tax	M1
5hhm_1qse_prepack_0001_ensemble_dock_1448_local_refine_0064.pdb	5hhm	1qse	-101.458	27.805	7.125	M1	Tax
2nx5_1qse_prepack_0001_ensemble_dock_2296_local_refine_0053.pdb	2nx5	1qse	-95.455	24.511	6.121	EBV	Tax
5isz_1qse_prepack_0001_ensemble_dock_2242_local_refine_0067.pdb	5isz	1qse	-77.931	30.901	9.965	M1	Tax
1qrn_1qrn_prepack_0001_ensemble_dock_4867_local_refine_0057.pdb	1qrn	1qrn	-97.864	31.656	12.686	Tax	Tax
1qrn_2nx5_prepack_0001_ensemble_dock_4211_local_refine_0077.pdb	1qrn	2nx5	-98.184	33.253	8.96	Tax	EBV
2vlk_2vlk_prepack_0001_ensemble_dock_3501_local_refine_0052.pdb	2vlk	2vlk	-101.716	27.224	4.687	M1	M1
1qse_4prh_prepack_0001_ensemble_dock_1210_local_refine_0023.pdb	1qse	4prh	-99.315	33.372	6.603	Tax	EBV
2nx5_5isz_prepack_0001_ensemble_dock_1256_local_refine_0085.pdb	2nx5	5isz	-89.932	26.37	10.248	EBV	M1
4prh_1qrn_prepack_0001_ensemble_dock_0654_local_refine_0021.pdb	4prh	1qrn	-99.575	26.669	5.289	EBV	Tax
5hhm_5isz_prepack_0001_ensemble_dock_0140_local_refine_0060.pdb	5hhm	5isz	-97.975	29.061	4.887	M1	M1
1qse_5hhm_prepack_0001_ensemble_dock_0494_local_refine_0100.pdb	1qse	5hhm	-101.416	30.231	7.974	Tax	M1
2vlk_5isz_prepack_0001_ensemble_dock_2345_local_refine_0072.pdb	2vlk	5isz	-95.333	25.164	1.851	M1	M1
2nx5_1qrn_prepack_0001_ensemble_dock_3482_local_refine_0020.pdb	2nx5	1qrn	-104.988	26.055	0.51	EBV	Tax
1qrn_5isz_prepack_0001_ensemble_dock_1328_local_refine_0039.pdb	1qrn	5isz	-91.225	30.576	12.503	Tax	M1
1qse_2vlk_prepack_0001_ensemble_dock_3097_local_refine_0100.pdb	1qse	2vlk	-103.614	28.006	2.942	Tax	M1
1qrn_2vlk_prepack_0001_ensemble_dock_1302_local_refine_0090.pdb	1qrn	2vlk	-80.223	26.904	5.366	Tax	M1
4prh_5isz_prepack_0001_ensemble_dock_4568_local_refine_0039.pdb	4prh	5isz	-94.303	25.815	3.915	EBV	M1
5hhm_1qrn_prepack_0001_ensemble_dock_1075_local_refine_0080.pdb	5hhm	1qrn	-106.109	29.129	2.991	M1	Tax
2nx5_2vlk_prepack_0001_ensemble_dock_4636_local_refine_0098.pdb	2nx5	2vlk	-91.871	25.222	10.8	EBV	M1
2vlk_4prh_prepack_0001_ensemble_dock_4559_local_refine_0082.pdb	2vlk	4prh	-80.852	26.068	6.275	M1	EBV
4prh_1qse_prepack_0001_ensemble_dock_4598_local_refine_0034.pdb	4prh	1qse	-90.42	46.137	28.349	EBV	Tax
2vlk_1qrn_prepack_0001_ensemble_dock_2868_local_refine_0002.pdb	2vlk	1qrn	-107.407	25.217	2.271	M1	Tax
1qrn_4prh_prepack_0001_ensemble_dock_1627_local_refine_0082.pdb	1qrn	4prh	-97.723	31.842	7.74	Tax	EBV
2vlk_1qse_prepack_0001_ensemble_dock_0844_local_refine_0074.pdb	2vlk	1qse	-98.538	27.785	2.675	M1	Tax
5isz_2nx5_prepack_0001_ensemble_dock_0757_local_refine_0091.pdb	5isz	2nx5	-95.284	29.743	7.623	M1	EBV
1qse_2nx5_prepack_0001_ensemble_dock_4042_local_refine_0036.pdb	1qse	2nx5	-85.061	27.957	7.535	Tax	EBV
2nx5_2nx5_prepack_0001_ensemble_dock_2578_local_refine_0095.pdb	2nx5	2nx5	-91.534	34.85	12.938	EBV	EBV
1qrn_1qse_prepack_0001_ensemble_dock_3371_local_refine_0067.pdb	1qrn	1qse	-98.874	35.092	14.048	Tax	Tax
2vlk_5hhm_prepack_0001_ensemble_dock_2839_local_refine_0069.pdb	2vlk	5hhm	-103.352	26.611	3.301	M1	M1
4prh_4prh_prepack_0001_ensemble_dock_4483_local_refine_0048.pdb	4prh	4prh	-87.27	21.256	7.098	EBV	EBV
5hhm_2vlk_prepack_0001_ensemble_dock_2333_local_refine_0100.pdb	5hhm	2vlk	-107.599	29.94	0.814	M1	M1
5hhm_2nx5_prepack_0001_ensemble_dock_2602_local_refine_0099.pdb	5hhm	2nx5	-89.352	27.651	6.337	M1	EBV
5isz_5hhm_prepack_0001_ensemble_dock_0082_local_refine_0098.pdb	5isz	5hhm	-99.319	29.998	5.202	M1	M1
1qse_1qrn_prepack_0001_ensemble_dock_3705_local_refine_0081.pdb	1qse	1qrn	-94.65	23.051	6.11	Tax	Tax